-- phpMyAdmin SQL Dump
-- version 4.8.3
-- https://www.phpmyadmin.net/
--
-- Host: localhost:3308
-- Generation Time: Jun 09, 2020 at 04:02 PM
-- Server version: 5.7.24
-- PHP Version: 7.2.14

SET SQL_MODE = "NO_AUTO_VALUE_ON_ZERO";
SET AUTOCOMMIT = 0;
START TRANSACTION;
SET time_zone = "+00:00";


/*!40101 SET @OLD_CHARACTER_SET_CLIENT=@@CHARACTER_SET_CLIENT */;
/*!40101 SET @OLD_CHARACTER_SET_RESULTS=@@CHARACTER_SET_RESULTS */;
/*!40101 SET @OLD_COLLATION_CONNECTION=@@COLLATION_CONNECTION */;
/*!40101 SET NAMES utf8mb4 */;

--
-- Database: `impressed`
--

-- --------------------------------------------------------

--
-- Table structure for table `comanda`
--

CREATE TABLE `comanda` (
  `id` int(10) NOT NULL,
  `id_utilizator` int(10) NOT NULL,
  `nume` varchar(100) NOT NULL,
  `prenume` varchar(100) NOT NULL,
  `email` varchar(100) NOT NULL,
  `adresa` varchar(100) NOT NULL,
  `oras` varchar(100) NOT NULL,
  `tara` varchar(100) NOT NULL,
  `metoda_plata` varchar(50) NOT NULL,
  `metoda_livrare` varchar(50) NOT NULL,
  `status_comanda` varchar(100) NOT NULL,
  `data_plasare` date NOT NULL,
  `id_comanda` int(4) NOT NULL
) ENGINE=InnoDB DEFAULT CHARSET=utf8;

--
-- Dumping data for table `comanda`
--

INSERT INTO `comanda` (`id`, `id_utilizator`, `nume`, `prenume`, `email`, `adresa`, `oras`, `tara`, `metoda_plata`, `metoda_livrare`, `status_comanda`, `data_plasare`, `id_comanda`) VALUES
(3, 1, 'Stan', 'Laura', 'laurastan1999@gmail.com', 'Str Stefan cel Mare nr.200', 'Iasi', 'Romania', 'cash', 'posta', 'inregistrata', '2020-05-15', 1),
(4, 1, 'Stan', 'Laura', 'laurastan1999@gmail.com', 'Str Stefan cel Mare nr.200', 'Bacau', 'Romania', 'cash', 'curier', 'inregistrata', '2020-05-15', 2),
(5, 1, 'Stan', 'Laura', 'laurastan1999@gmail.com', 'Str Stefan cel Mare nr.200', 'Bucuresti', 'Romania', 'card', 'curier', 'in asteptare plata', '2020-05-15', 3),
(6, 1, 'Stan', 'Laura', 'laurastan1999@gmail.com', 'Str Stefan cel Mare nr.200', 'Milano', 'Italia', 'card', 'posta', 'in asteptare plata', '2020-05-15', 4),
(7, 1, 'Stan', 'Laura', 'laurastan1999@gmail.com', 'Str Stefan cel Mare nr.200', 'Iasi', 'Romania', 'card', 'curier', 'inregistrata', '2020-05-15', 5),
(8, 1, 'Stan', 'Laura', 'laurastan1999@gmail.com', 'Str Stefan cel Mare nr.200', 'Madrid', 'Spania', 'card', 'posta', 'in asteptare plata', '2020-05-15', 6),
(9, 1, 'Stan', 'Laura', 'laurastan1999@gmail.com', 'Str Stefan cel Mare nr.200', 'Bacau', 'Romania', 'card', 'posta', 'inregistrata', '2020-05-15', 7),
(10, 1, 'Stan', 'Laura', 'laurastan1999@gmail.com', 'Str Stefan cel Mare nr.200', 'Timisoara', 'Romania', 'cash', 'curier', 'inregistrata', '2020-05-18', 9),
(11, 1, 'Stan', 'Laura', 'laurastan1999@gmail.com', 'Str Stefan cel Mare nr.200', 'Bucuresti', 'Romania', 'card', 'posta', 'inregistrata', '2020-05-18', 10),
(12, 2, 'Mocanu', 'Georgiana', 'botez.georgiana99@gmail.com', 'Strada Crivatului Nr 24', 'Atena', 'Grecia', 'card', 'curier', 'inregistrata', '2020-05-21', 12),
(13, 2, 'Mocanu', 'Georgiana', 'botez.georgiana99@gmail.com', 'Strada Crivatului Nr 24', 'Florenza', 'Italia', 'card', 'posta', 'inregistrata', '2020-05-21', 13),
(14, 2, 'Mocanu', 'Georgiana', 'botez.georgiana99@gmail.com', 'Strada Crivatului Nr 24', 'Roma', 'Italia', 'card', 'posta', 'inregistrata', '2020-05-21', 14),
(15, 2, 'Mocanu', 'Georgiana', 'botez.georgiana99@gmail.com', 'Strada Crivatului Nr 24', 'Bergamo', 'Italia', 'card', 'curier', 'inregistrata', '2020-05-21', 15),
(16, 2, 'Mocanu', 'Georgiana', 'botez.georgiana99@gmail.com', 'Strada Crivatului Nr 24', 'Iasi', 'Romania', 'card', 'posta', 'inregistrata', '2020-05-21', 16),
(17, 2, 'Mocanu', 'Georgiana', 'botez.georgiana99@gmail.com', 'Strada Crivatului Nr 24', 'Cluj Napoca', 'Romania', 'card', 'curier', 'inregistrata', '2020-05-21', 17),
(18, 2, 'Mocanu', 'Georgiana', 'botez.georgiana99@gmail.com', 'Strada Crivatului Nr 24', 'Bucuresti', 'Romania', 'card', 'posta', 'inregistrata', '2020-05-21', 18),
(19, 2, 'Mocanu', 'Georgiana', 'botez.georgiana99@gmail.com', 'Strada Crivatului Nr 24', 'Viena', 'Austria', 'cash', 'curier', 'inregistrata', '2020-05-21', 19),
(20, 2, 'Mocanu', 'Georgiana', 'botez.georgiana99@gmail.com', 'Strada Crivatului Nr 24', 'Paris', 'Franta', 'cash', 'curier', 'inregistrata', '2020-05-21', 20),
(21, 2, 'Mocanu', 'Georgiana', 'botez.georgiana99@gmail.com', 'Strada Crivatului Nr 24', 'Berlin', 'Germania', 'cash', 'posta', 'inregistrata', '2020-05-21', 21),
(22, 2, 'Mocanu', 'Georgiana', 'botez.georgiana99@gmail.com', 'Strada Crivatului Nr 24', 'Londra', 'Anglia', 'cash', 'curier', 'inregistrata', '2020-05-22', 23),
(23, 2, 'Mocanu', 'Georgiana', 'botez.georgiana99@gmail.com', 'Strada Crivatului Nr 24', 'Constanta', 'Romania', 'cash', 'posta', 'inregistrata', '2020-05-22', 24),
(24, 2, 'Mocanu', 'Georgiana', 'botez.georgiana99@gmail.com', 'Strada Crivatului Nr 24', 'Frankfurt', 'Germania', 'cash', 'curier', 'inregistrata', '2020-05-22', 25),
(25, 2, 'Mocanu', 'Georgiana', 'botez.georgiana99@gmail.com', 'Strada Crivatului Nr 24', 'Oslo', 'Norvegia', 'card', 'posta', 'in asteptare plata', '2020-05-22', 26),
(26, 1, 'Stan', 'Laura', 'laurastan1999@gmail.com', 'Str Stefan cel Mare nr.211', 'Chisinau', 'Moldova', 'cash', 'curier', 'inregistrata', '2020-05-27', 28),
(27, 1, 'Stan', 'Laura', 'laurastan1999@gmail.com', 'Str Stefan cel Mare nr.200', 'Chisinau', 'Moldova', 'cash', 'curier', 'inregistrata', '2020-05-27', 29),
(28, 1, 'Stan', 'Laura', 'laurastan1999@gmail.com', 'Str Stefan cel Mare nr.200', 'Bacau', 'Romania', 'cash', 'posta', 'inregistrata', '2020-05-27', 30),
(29, 1, 'Stan', 'Laura', 'laurastan1999@gmail.com', 'Str Stefan cel Mare nr.200', 'Satu Mare', 'Romania', 'cash', 'posta', 'inregistrata', '2020-05-27', 31),
(30, 1, 'Stan', 'Laura', 'laurastan1999@gmail.com', 'Str Stefan cel Mare nr.200', 'Milano', 'Italia', 'cash', 'posta', 'inregistrata', '2020-05-27', 32),
(31, 1, 'Stan', 'Laura', 'laurastan1999@gmail.com', 'Str Stefan cel Mare nr.200', 'Berlin', 'Germania', 'cash', 'curier', 'inregistrata', '2020-05-27', 33),
(32, 1, 'Stan', 'Laura', 'laurastan1999@gmail.com', 'Str Stefan cel Mare nr.200', 'Lisabona', 'Portugalia', 'cash', 'posta', 'inregistrata', '2020-05-28', 34),
(33, 2, 'Botez', 'Georgiana', 'botez.georgiana99@gmail.com', 'Strada Primaverii', 'Lisabona', 'Portugalia', 'cash', 'curier', 'inregistrata', '2020-05-30', 35),
(34, 2, 'Botez', 'Georgiana', 'botez.georgiana99@gmail.com', 'Strada Milano', 'Milano', 'Italia', 'cash', 'posta', 'inregistrata', '2020-05-30', 36),
(35, 2, 'Botez', 'Georgiana', 'botez.georgiana99@gmail.com', 'Strada Iernii', 'Paris', 'Franta', 'cash', 'curier', 'inregistrata', '2020-05-30', 37),
(36, 2, 'Botez', 'Georgiana', 'botez.georgiana99@gmail.com', 'Strada Berlin', 'Berlin', 'Germania', 'cash', 'curier', 'inregistrata', '2020-05-30', 38),
(37, 2, 'Botez', 'Georgiana', 'botez.georgiana99@gmail.com', 'Strada Italia', 'Florenza', 'Italia', 'cash', 'posta', 'inregistrata', '2020-05-30', 39),
(38, 2, 'Botez', 'Georgiana', 'botez.georgiana99@gmail.com', 'Strada Bergamo', 'Bergamo', 'Italia', 'cash', 'curier', 'inregistrata', '2020-05-30', 40),
(39, 2, 'Botez', 'Georgiana', 'botez.georgiana99@gmail.com', 'Strada Spaniei', 'Madrid', 'Spania', 'cash', 'curier', 'inregistrata', '2020-05-30', 41),
(40, 1, 'Stan', 'Laura', 'laurastan1999@gmail.com', 'Str Rusia', 'Moscova', 'Rusia', 'cash', 'curier', 'inregistrata', '2020-05-30', 42),
(41, 1, 'Stan', 'Laura', 'laurastan1999@gmail.com', 'Str Germaniei', 'Berlin', 'Germania', 'cash', 'curier', 'inregistrata', '2020-05-30', 43),
(42, 1, 'Stan', 'Laura', 'laurastan1999@gmail.com', 'Str Moldova', 'Ungheni', 'Moldova', 'cash', 'curier', 'inregistrata', '2020-05-30', 44),
(43, 2, 'Botez', 'Georgiana', 'botez.georgiana99@gmail.com', 'Strada Crivatului Nr 24', 'Iasi', 'Romania', 'cash', 'curier', 'inregistrata', '2020-06-05', 47),
(44, 2, 'Botez', 'Georgiana', 'botez.georgiana99@gmail.com', 'Strada Crivatului Nr 24', 'Iasi', 'Romania', 'card', 'curier', 'in asteptare plata', '2020-06-07', 49),
(45, 1, 'Stan', 'Ioana', 'laurastan1999@gmail.com', 'Str Stefan cel Mare nr.200', 'Bacau', 'Romania', 'cash', 'curier', 'inregistrata', '2020-06-09', 50),
(46, 1, 'Balas', 'Ioana', 'laurastan1999@gmail.com', 'Str Stefan cel Mare nr.200', 'Iasi', 'Italia', 'card', 'curier', 'inregistrata', '2020-06-09', 54),
(47, 1, 'Balas', 'Ioana', 'laurastan1999@gmail.com', 'Str Stefan cel Mare nr.200', 'Berlin', 'Germania', 'cash', 'posta', 'inregistrata', '2020-06-09', 55),
(48, 1, 'Balas', 'Ioana', 'laurastan1999@gmail.com', 'Str Stefan cel Mare nr.200', 'Lisabona', 'Portugalia', 'cash', 'posta', 'inregistrata', '2020-06-09', 56);

-- --------------------------------------------------------

--
-- Table structure for table `cos`
--

CREATE TABLE `cos` (
  `id` int(10) NOT NULL,
  `id_utilizator` int(10) NOT NULL,
  `id_produs` int(10) NOT NULL,
  `cantitate` int(10) NOT NULL,
  `pretTotal` int(10) NOT NULL,
  `marime` varchar(10) NOT NULL,
  `pret` int(10) NOT NULL
) ENGINE=InnoDB DEFAULT CHARSET=utf8;

--
-- Dumping data for table `cos`
--

INSERT INTO `cos` (`id`, `id_utilizator`, `id_produs`, `cantitate`, `pretTotal`, `marime`, `pret`) VALUES
(31, 3, 167, 1, 60, 'XL', 60),
(34, 2, 141, 2, 200, 'XS', 100),
(35, 2, 165, 1, 25, 'XS', 25),
(41, 1, 156, 1, 60, 'XS', 60),
(42, 1, 96, 1, 90, 'XS', 90);

-- --------------------------------------------------------

--
-- Table structure for table `marimi`
--

CREATE TABLE `marimi` (
  `id` int(10) NOT NULL,
  `id_produs` int(10) NOT NULL,
  `marime` varchar(30) NOT NULL,
  `cantitate` int(10) NOT NULL
) ENGINE=InnoDB DEFAULT CHARSET=utf8;

--
-- Dumping data for table `marimi`
--

INSERT INTO `marimi` (`id`, `id_produs`, `marime`, `cantitate`) VALUES
(1, 10, 'XS', 0),
(2, 11, 'XS', 0),
(3, 12, 'XS', 30),
(4, 13, 'XS', 29),
(5, 14, 'XS', 30),
(6, 15, 'XS', 30),
(7, 16, 'XS', 30),
(8, 17, 'XS', 30),
(9, 18, 'XS', 30),
(10, 19, 'XS', 30),
(11, 20, 'XS', 27),
(12, 21, 'XS', 27),
(13, 22, 'XS', 30),
(14, 23, 'XS', 30),
(15, 24, 'XS', 30),
(16, 25, 'XS', 29),
(17, 26, 'XS', 29),
(18, 27, 'XS', 30),
(19, 28, 'XS', 30),
(20, 29, 'XS', 30),
(21, 31, 'XS', 30),
(22, 32, 'XS', 29),
(23, 33, 'XS', 29),
(24, 34, 'XS', 30),
(25, 35, 'XS', 30),
(26, 37, 'XS', 28),
(27, 38, 'XS', 30),
(28, 39, 'XS', 29),
(29, 40, 'XS', 30),
(30, 41, 'XS', 29),
(31, 42, 'XS', 29),
(32, 43, 'XS', 29),
(33, 44, 'XS', 30),
(34, 45, 'XS', 29),
(35, 46, 'XS', 30),
(36, 47, 'XS', 29),
(37, 48, 'XS', 29),
(38, 49, 'XS', 30),
(39, 50, 'XS', 30),
(40, 51, 'XS', 30),
(41, 52, 'XS', 30),
(42, 53, 'XS', 29),
(43, 54, 'XS', 29),
(44, 55, 'XS', 30),
(45, 56, 'XS', 28),
(46, 57, 'XS', 30),
(47, 58, 'XS', 28),
(48, 59, 'XS', 30),
(49, 60, 'XS', 30),
(50, 61, 'XS', 30),
(51, 62, 'XS', 30),
(52, 63, 'XS', 30),
(53, 64, 'XS', 30),
(54, 65, 'XS', 30),
(55, 66, 'XS', 30),
(56, 67, 'XS', 30),
(57, 68, 'XS', 30),
(58, 69, 'XS', 30),
(59, 70, 'XS', 30),
(60, 71, 'XS', 30),
(61, 72, 'XS', 30),
(62, 73, 'XS', 30),
(63, 74, 'XS', 30),
(64, 75, 'XS', 30),
(65, 76, 'XS', 30),
(66, 77, 'XS', 30),
(67, 78, 'XS', 30),
(68, 79, 'XS', 30),
(69, 80, 'XS', 30),
(70, 81, 'XS', 30),
(71, 82, 'XS', 30),
(72, 83, 'XS', 30),
(73, 84, 'XS', 30),
(74, 85, 'XS', 30),
(75, 86, 'XS', 30),
(76, 87, 'XS', 30),
(77, 88, 'XS', 30),
(78, 89, 'XS', 30),
(79, 90, 'XS', 30),
(80, 91, 'XS', 30),
(81, 96, 'XS', 30),
(82, 97, 'XS', 27),
(83, 98, 'XS', 30),
(84, 99, 'XS', 30),
(85, 100, 'XS', 30),
(86, 101, 'XS', 29),
(87, 102, 'XS', 29),
(88, 103, 'XS', 30),
(89, 104, 'XS', 30),
(90, 105, 'XS', 30),
(91, 106, 'XS', 28),
(92, 107, 'XS', 29),
(93, 108, 'XS', 30),
(94, 109, 'XS', 30),
(95, 110, 'XS', 29),
(96, 111, 'XS', 30),
(97, 112, 'XS', 30),
(98, 113, 'XS', 30),
(99, 114, 'XS', 30),
(100, 115, 'XS', 30),
(101, 116, 'XS', 29),
(102, 117, 'XS', 29),
(103, 118, 'XS', 29),
(104, 119, 'XS', 29),
(105, 120, 'XS', 29),
(106, 121, 'XS', 29),
(107, 122, 'XS', 28),
(108, 123, 'XS', 30),
(109, 124, 'XS', 30),
(110, 125, 'XS', 29),
(111, 126, 'XS', 30),
(112, 127, 'XS', 29),
(113, 128, 'XS', 30),
(114, 129, 'XS', 26),
(115, 130, 'XS', 30),
(116, 131, 'XS', 30),
(117, 132, 'XS', 30),
(118, 133, 'XS', 30),
(119, 134, 'XS', 30),
(120, 135, 'XS', 30),
(121, 136, 'XS', 30),
(122, 137, 'XS', 29),
(123, 138, 'XS', 30),
(124, 139, 'XS', 30),
(125, 140, 'XS', 30),
(126, 141, 'XS', 28),
(127, 142, 'XS', 30),
(128, 143, 'XS', 30),
(129, 144, 'XS', 30),
(130, 145, 'XS', 30),
(131, 146, 'XS', 30),
(132, 147, 'XS', 30),
(133, 148, 'XS', 30),
(134, 149, 'XS', 30),
(135, 150, 'XS', 30),
(136, 151, 'XS', 30),
(137, 152, 'XS', 30),
(138, 153, 'XS', 30),
(139, 154, 'XS', 30),
(140, 155, 'XS', 30),
(141, 156, 'XS', 29),
(142, 157, 'XS', 30),
(143, 158, 'XS', 30),
(144, 159, 'XS', 30),
(145, 160, 'XS', 29),
(146, 161, 'XS', 30),
(147, 162, 'XS', 30),
(148, 163, 'XS', 30),
(149, 164, 'XS', 30),
(150, 165, 'XS', 26),
(151, 166, 'XS', 28),
(152, 167, 'XS', 29),
(153, 168, 'XS', 28),
(154, 169, 'XS', 29),
(155, 170, 'XS', 29),
(156, 171, 'XS', 30),
(157, 172, 'XS', 30),
(158, 173, 'XS', 29),
(159, 174, 'XS', 30),
(160, 175, 'XS', 30),
(161, 176, 'XS', 30),
(162, 177, 'XS', 30),
(163, 178, 'XS', 30),
(164, 179, 'XS', 30),
(165, 180, 'XS', 30),
(166, 181, 'XS', 30),
(167, 182, 'XS', 30),
(168, 183, 'XS', 30),
(169, 184, 'XS', 29),
(170, 185, 'XS', 28),
(171, 186, 'XS', 30),
(172, 187, 'XS', 30),
(173, 188, 'XS', 30),
(174, 189, 'XS', 30),
(175, 190, 'XS', 30),
(176, 191, 'XS', 30),
(177, 192, 'XS', 30),
(178, 193, 'XS', 30),
(179, 194, 'XS', 30),
(180, 195, 'XS', 30),
(181, 196, 'XS', 30),
(182, 197, 'XS', 30),
(183, 198, 'XS', 30),
(184, 199, 'XS', 30),
(185, 200, 'XS', 30),
(186, 201, 'XS', 30),
(187, 202, 'XS', 30),
(188, 203, 'XS', 30),
(189, 204, 'XS', 30),
(190, 205, 'XS', 30),
(191, 206, 'XS', 28),
(192, 207, 'XS', 30),
(193, 208, 'XS', 30),
(194, 209, 'XS', 30),
(195, 210, 'XS', 29),
(196, 211, 'XS', 30),
(197, 212, 'XS', 30),
(198, 213, 'XS', 30),
(199, 10, 'S', 24),
(200, 10, 'M', 30),
(201, 11, 'S', 28),
(202, 11, 'M', 30),
(203, 12, 'S', 30),
(204, 12, 'M', 30),
(205, 13, 'S', 30),
(206, 13, 'M', 30),
(207, 14, 'S', 30),
(208, 14, 'M', 30),
(209, 15, 'S', 30),
(210, 15, 'M', 30),
(211, 16, 'S', 30),
(212, 16, 'M', 30),
(213, 17, 'S', 30),
(214, 17, 'M', 30),
(215, 18, 'S', 30),
(216, 18, 'M', 30),
(217, 19, 'S', 30),
(218, 19, 'M', 30),
(219, 20, 'S', 30),
(220, 20, 'M', 30),
(221, 21, 'S', 30),
(222, 21, 'M', 30),
(223, 22, 'S', 30),
(224, 22, 'M', 30),
(225, 23, 'S', 30),
(226, 23, 'M', 30),
(227, 24, 'S', 30),
(228, 24, 'M', 30),
(229, 25, 'S', 30),
(230, 25, 'M', 30),
(231, 26, 'S', 30),
(232, 26, 'M', 30),
(233, 27, 'S', 30),
(234, 27, 'M', 30),
(235, 28, 'S', 30),
(236, 28, 'M', 30),
(237, 29, 'S', 30),
(238, 29, 'M', 30),
(239, 31, 'S', 30),
(240, 31, 'M', 30),
(241, 32, 'S', 30),
(242, 32, 'M', 30),
(243, 33, 'S', 30),
(244, 33, 'M', 30),
(245, 34, 'S', 30),
(246, 34, 'M', 30),
(247, 35, 'S', 30),
(248, 35, 'M', 30),
(249, 37, 'S', 30),
(250, 37, 'M', 30),
(251, 38, 'S', 30),
(252, 38, 'M', 30),
(253, 39, 'S', 30),
(254, 39, 'M', 30),
(255, 40, 'S', 30),
(256, 40, 'M', 30),
(257, 41, 'S', 30),
(258, 41, 'M', 30),
(259, 42, 'S', 30),
(260, 42, 'M', 30),
(261, 43, 'S', 30),
(262, 43, 'M', 30),
(263, 44, 'S', 30),
(264, 44, 'M', 30),
(265, 45, 'S', 30),
(266, 45, 'M', 30),
(267, 46, 'S', 30),
(268, 46, 'M', 30),
(269, 47, 'S', 30),
(270, 47, 'M', 30),
(271, 48, 'S', 30),
(272, 48, 'M', 30),
(273, 49, 'S', 30),
(274, 49, 'M', 30),
(275, 50, 'S', 30),
(276, 50, 'M', 30),
(277, 51, 'S', 30),
(278, 51, 'M', 30),
(279, 52, 'S', 30),
(280, 52, 'M', 30),
(281, 53, 'S', 30),
(282, 53, 'M', 30),
(283, 54, 'S', 30),
(284, 54, 'M', 30),
(285, 55, 'S', 30),
(286, 55, 'M', 30),
(287, 56, 'S', 30),
(288, 56, 'M', 30),
(289, 57, 'S', 30),
(290, 57, 'M', 30),
(291, 58, 'S', 30),
(292, 58, 'M', 30),
(293, 59, 'S', 30),
(294, 59, 'M', 30),
(295, 60, 'S', 30),
(296, 60, 'M', 30),
(297, 61, 'S', 30),
(298, 61, 'M', 30),
(299, 62, 'S', 30),
(300, 62, 'M', 30),
(301, 63, 'S', 30),
(302, 63, 'M', 30),
(303, 64, 'S', 30),
(304, 64, 'M', 30),
(305, 65, 'S', 30),
(306, 65, 'M', 30),
(307, 66, 'S', 30),
(308, 66, 'M', 30),
(309, 67, 'S', 30),
(310, 67, 'M', 30),
(311, 68, 'S', 30),
(312, 68, 'M', 30),
(313, 69, 'S', 30),
(314, 69, 'M', 30),
(315, 70, 'S', 30),
(316, 70, 'M', 30),
(317, 71, 'S', 30),
(318, 71, 'M', 30),
(319, 72, 'S', 30),
(320, 72, 'M', 30),
(321, 73, 'S', 30),
(322, 73, 'M', 30),
(323, 74, 'S', 30),
(324, 74, 'M', 30),
(325, 75, 'S', 30),
(326, 75, 'M', 30),
(327, 76, 'S', 30),
(328, 76, 'M', 30),
(329, 77, 'S', 30),
(330, 77, 'M', 30),
(331, 78, 'S', 30),
(332, 78, 'M', 30),
(333, 79, 'S', 30),
(334, 79, 'M', 30),
(335, 80, 'S', 30),
(336, 80, 'M', 30),
(337, 81, 'S', 30),
(338, 81, 'M', 30),
(339, 82, 'S', 30),
(340, 82, 'M', 30),
(341, 83, 'S', 30),
(342, 83, 'M', 30),
(343, 84, 'S', 30),
(344, 84, 'M', 30),
(345, 85, 'S', 30),
(346, 85, 'M', 30),
(347, 86, 'S', 30),
(348, 86, 'M', 30),
(349, 87, 'S', 30),
(350, 87, 'M', 30),
(351, 88, 'S', 30),
(352, 88, 'M', 30),
(353, 89, 'S', 30),
(354, 89, 'M', 30),
(355, 90, 'S', 30),
(356, 90, 'M', 30),
(357, 91, 'S', 30),
(358, 91, 'M', 30),
(359, 96, 'S', 29),
(360, 96, 'M', 30),
(361, 97, 'S', 30),
(362, 97, 'M', 30),
(363, 98, 'S', 30),
(364, 98, 'M', 30),
(365, 99, 'S', 30),
(366, 99, 'M', 30),
(367, 100, 'S', 30),
(368, 100, 'M', 30),
(369, 101, 'S', 30),
(370, 101, 'M', 30),
(371, 102, 'S', 30),
(372, 102, 'M', 30),
(373, 103, 'S', 30),
(374, 103, 'M', 30),
(375, 104, 'S', 30),
(376, 104, 'M', 30),
(377, 105, 'S', 30),
(378, 105, 'M', 30),
(379, 106, 'S', 30),
(380, 106, 'M', 30),
(381, 107, 'S', 30),
(382, 107, 'M', 30),
(383, 108, 'S', 30),
(384, 108, 'M', 30),
(385, 109, 'S', 30),
(386, 109, 'M', 30),
(387, 110, 'S', 30),
(388, 110, 'M', 30),
(389, 111, 'S', 30),
(390, 111, 'M', 29),
(391, 112, 'S', 30),
(392, 112, 'M', 30),
(393, 113, 'S', 30),
(394, 113, 'M', 30),
(395, 114, 'S', 30),
(396, 114, 'M', 30),
(397, 115, 'S', 30),
(398, 115, 'M', 30),
(399, 116, 'S', 30),
(400, 116, 'M', 30),
(401, 117, 'S', 30),
(402, 117, 'M', 30),
(403, 118, 'S', 30),
(404, 118, 'M', 29),
(405, 119, 'S', 30),
(406, 119, 'M', 30),
(407, 120, 'S', 30),
(408, 120, 'M', 30),
(409, 121, 'S', 30),
(410, 121, 'M', 30),
(411, 122, 'S', 30),
(412, 122, 'M', 30),
(413, 123, 'S', 30),
(414, 123, 'M', 30),
(415, 124, 'S', 30),
(416, 124, 'M', 30),
(417, 125, 'S', 30),
(418, 125, 'M', 30),
(419, 126, 'S', 30),
(420, 126, 'M', 30),
(421, 127, 'S', 30),
(422, 127, 'M', 30),
(423, 128, 'S', 30),
(424, 128, 'M', 30),
(425, 129, 'S', 30),
(426, 129, 'M', 30),
(427, 130, 'S', 30),
(428, 130, 'M', 30),
(429, 131, 'S', 30),
(430, 131, 'M', 30),
(431, 132, 'S', 30),
(432, 132, 'M', 30),
(433, 133, 'S', 30),
(434, 133, 'M', 30),
(435, 134, 'S', 30),
(436, 134, 'M', 30),
(437, 135, 'S', 30),
(438, 135, 'M', 30),
(439, 136, 'S', 30),
(440, 136, 'M', 30),
(441, 137, 'S', 30),
(442, 137, 'M', 30),
(443, 138, 'S', 30),
(444, 138, 'M', 30),
(445, 139, 'S', 30),
(446, 139, 'M', 30),
(447, 140, 'S', 30),
(448, 140, 'M', 30),
(449, 141, 'S', 30),
(450, 141, 'M', 30),
(451, 142, 'S', 30),
(452, 142, 'M', 30),
(453, 143, 'S', 30),
(454, 143, 'M', 30),
(455, 144, 'S', 30),
(456, 144, 'M', 30),
(457, 145, 'S', 30),
(458, 145, 'M', 30),
(459, 146, 'S', 30),
(460, 146, 'M', 30),
(461, 147, 'S', 30),
(462, 147, 'M', 30),
(463, 148, 'S', 30),
(464, 148, 'M', 30),
(465, 149, 'S', 30),
(466, 149, 'M', 30),
(467, 150, 'S', 30),
(468, 150, 'M', 30),
(469, 151, 'S', 30),
(470, 151, 'M', 30),
(471, 152, 'S', 30),
(472, 152, 'M', 30),
(473, 153, 'S', 30),
(474, 153, 'M', 30),
(475, 154, 'S', 30),
(476, 154, 'M', 30),
(477, 155, 'S', 30),
(478, 155, 'M', 30),
(479, 156, 'S', 30),
(480, 156, 'M', 29),
(481, 157, 'S', 30),
(482, 157, 'M', 30),
(483, 158, 'S', 30),
(484, 158, 'M', 30),
(485, 159, 'S', 30),
(486, 159, 'M', 30),
(487, 160, 'S', 30),
(488, 160, 'M', 29),
(489, 161, 'S', 30),
(490, 161, 'M', 30),
(491, 162, 'S', 30),
(492, 162, 'M', 30),
(493, 163, 'S', 30),
(494, 163, 'M', 30),
(495, 164, 'S', 30),
(496, 164, 'M', 30),
(497, 165, 'S', 30),
(498, 165, 'M', 30),
(499, 166, 'S', 30),
(500, 166, 'M', 30),
(501, 167, 'S', 30),
(502, 167, 'M', 30),
(503, 168, 'S', 30),
(504, 168, 'M', 30),
(505, 169, 'S', 30),
(506, 169, 'M', 30),
(507, 170, 'S', 30),
(508, 170, 'M', 30),
(509, 171, 'S', 30),
(510, 171, 'M', 30),
(511, 172, 'S', 30),
(512, 172, 'M', 30),
(513, 173, 'S', 30),
(514, 173, 'M', 30),
(515, 174, 'S', 30),
(516, 174, 'M', 30),
(517, 175, 'S', 30),
(518, 175, 'M', 30),
(519, 176, 'S', 30),
(520, 176, 'M', 30),
(521, 177, 'S', 30),
(522, 177, 'M', 30),
(523, 178, 'S', 30),
(524, 178, 'M', 30),
(525, 179, 'S', 30),
(526, 179, 'M', 30),
(527, 180, 'S', 30),
(528, 180, 'M', 30),
(529, 181, 'S', 30),
(530, 181, 'M', 30),
(531, 182, 'S', 30),
(532, 182, 'M', 30),
(533, 183, 'S', 30),
(534, 183, 'M', 30),
(535, 184, 'S', 30),
(536, 184, 'M', 30),
(537, 185, 'S', 30),
(538, 185, 'M', 30),
(539, 186, 'S', 30),
(540, 186, 'M', 30),
(541, 187, 'S', 30),
(542, 187, 'M', 30),
(543, 188, 'S', 30),
(544, 188, 'M', 30),
(545, 189, 'S', 30),
(546, 189, 'M', 30),
(547, 190, 'S', 30),
(548, 190, 'M', 30),
(549, 191, 'S', 30),
(550, 191, 'M', 30),
(551, 192, 'S', 30),
(552, 192, 'M', 30),
(553, 193, 'S', 30),
(554, 193, 'M', 30),
(555, 194, 'S', 29),
(556, 194, 'M', 30),
(557, 195, 'S', 30),
(558, 195, 'M', 30),
(559, 196, 'S', 30),
(560, 196, 'M', 30),
(561, 197, 'S', 30),
(562, 197, 'M', 30),
(563, 198, 'S', 30),
(564, 198, 'M', 30),
(565, 199, 'S', 30),
(566, 199, 'M', 30),
(567, 200, 'S', 30),
(568, 200, 'M', 30),
(569, 201, 'S', 30),
(570, 201, 'M', 30),
(571, 202, 'S', 30),
(572, 202, 'M', 30),
(573, 203, 'S', 30),
(574, 203, 'M', 30),
(575, 204, 'S', 30),
(576, 204, 'M', 30),
(577, 205, 'S', 30),
(578, 205, 'M', 30),
(579, 206, 'S', 30),
(580, 206, 'M', 30),
(581, 207, 'S', 30),
(582, 207, 'M', 30),
(583, 208, 'S', 30),
(584, 208, 'M', 30),
(585, 209, 'S', 30),
(586, 209, 'M', 30),
(587, 210, 'S', 30),
(588, 210, 'M', 30),
(589, 211, 'S', 30),
(590, 211, 'M', 30),
(591, 212, 'S', 30),
(592, 212, 'M', 30),
(593, 213, 'S', 30),
(594, 213, 'M', 30),
(595, 10, 'L', 30),
(596, 10, 'XL', 30),
(597, 10, 'XXL', 30),
(598, 11, 'L', 30),
(599, 11, 'XL', 30),
(600, 11, 'XXL', 30),
(601, 12, 'L', 30),
(602, 12, 'XL', 30),
(603, 12, 'XXL', 30),
(604, 13, 'L', 30),
(605, 13, 'XL', 30),
(606, 13, 'XXL', 30),
(607, 14, 'L', 30),
(608, 14, 'XL', 30),
(609, 14, 'XXL', 30),
(610, 15, 'L', 30),
(611, 15, 'XL', 30),
(612, 15, 'XXL', 30),
(613, 16, 'L', 30),
(614, 16, 'XL', 30),
(615, 16, 'XXL', 30),
(616, 17, 'L', 30),
(617, 17, 'XL', 30),
(618, 17, 'XXL', 30),
(619, 18, 'L', 30),
(620, 18, 'XL', 30),
(621, 18, 'XXL', 30),
(622, 19, 'L', 30),
(623, 19, 'XL', 30),
(624, 19, 'XXL', 30),
(625, 20, 'L', 30),
(626, 20, 'XL', 30),
(627, 20, 'XXL', 30),
(628, 21, 'L', 30),
(629, 21, 'XL', 30),
(630, 21, 'XXL', 30),
(631, 22, 'L', 30),
(632, 22, 'XL', 30),
(633, 22, 'XXL', 30),
(634, 23, 'L', 30),
(635, 23, 'XL', 30),
(636, 23, 'XXL', 30),
(637, 24, 'L', 30),
(638, 24, 'XL', 30),
(639, 24, 'XXL', 30),
(640, 25, 'L', 30),
(641, 25, 'XL', 30),
(642, 25, 'XXL', 30),
(643, 26, 'L', 30),
(644, 26, 'XL', 30),
(645, 26, 'XXL', 30),
(646, 27, 'L', 30),
(647, 27, 'XL', 30),
(648, 27, 'XXL', 30),
(649, 28, 'L', 30),
(650, 28, 'XL', 30),
(651, 28, 'XXL', 30),
(652, 29, 'L', 30),
(653, 29, 'XL', 30),
(654, 29, 'XXL', 30),
(655, 31, 'L', 30),
(656, 31, 'XL', 30),
(657, 31, 'XXL', 30),
(658, 32, 'L', 30),
(659, 32, 'XL', 30),
(660, 32, 'XXL', 30),
(661, 33, 'L', 30),
(662, 33, 'XL', 30),
(663, 33, 'XXL', 30),
(664, 34, 'L', 30),
(665, 34, 'XL', 30),
(666, 34, 'XXL', 30),
(667, 35, 'L', 30),
(668, 35, 'XL', 30),
(669, 35, 'XXL', 30),
(670, 37, 'L', 30),
(671, 37, 'XL', 30),
(672, 37, 'XXL', 30),
(673, 38, 'L', 30),
(674, 38, 'XL', 30),
(675, 38, 'XXL', 30),
(676, 39, 'L', 30),
(677, 39, 'XL', 30),
(678, 39, 'XXL', 30),
(679, 40, 'L', 30),
(680, 40, 'XL', 30),
(681, 40, 'XXL', 30),
(682, 41, 'L', 30),
(683, 41, 'XL', 30),
(684, 41, 'XXL', 30),
(685, 42, 'L', 30),
(686, 42, 'XL', 30),
(687, 42, 'XXL', 30),
(688, 43, 'L', 30),
(689, 43, 'XL', 30),
(690, 43, 'XXL', 30),
(691, 44, 'L', 30),
(692, 44, 'XL', 30),
(693, 44, 'XXL', 30),
(694, 45, 'L', 30),
(695, 45, 'XL', 30),
(696, 45, 'XXL', 30),
(697, 46, 'L', 30),
(698, 46, 'XL', 30),
(699, 46, 'XXL', 30),
(700, 47, 'L', 30),
(701, 47, 'XL', 30),
(702, 47, 'XXL', 30),
(703, 48, 'L', 30),
(704, 48, 'XL', 30),
(705, 48, 'XXL', 30),
(706, 49, 'L', 30),
(707, 49, 'XL', 30),
(708, 49, 'XXL', 30),
(709, 50, 'L', 30),
(710, 50, 'XL', 30),
(711, 50, 'XXL', 30),
(712, 51, 'L', 30),
(713, 51, 'XL', 30),
(714, 51, 'XXL', 30),
(715, 52, 'L', 30),
(716, 52, 'XL', 30),
(717, 52, 'XXL', 30),
(718, 53, 'L', 30),
(719, 53, 'XL', 30),
(720, 53, 'XXL', 30),
(721, 54, 'L', 30),
(722, 54, 'XL', 30),
(723, 54, 'XXL', 30),
(724, 55, 'L', 30),
(725, 55, 'XL', 30),
(726, 55, 'XXL', 30),
(727, 56, 'L', 30),
(728, 56, 'XL', 30),
(729, 56, 'XXL', 30),
(730, 57, 'L', 30),
(731, 57, 'XL', 30),
(732, 57, 'XXL', 30),
(733, 58, 'L', 30),
(734, 58, 'XL', 30),
(735, 58, 'XXL', 30),
(736, 59, 'L', 30),
(737, 59, 'XL', 30),
(738, 59, 'XXL', 30),
(739, 60, 'L', 30),
(740, 60, 'XL', 30),
(741, 60, 'XXL', 30),
(742, 61, 'L', 30),
(743, 61, 'XL', 30),
(744, 61, 'XXL', 30),
(745, 62, 'L', 30),
(746, 62, 'XL', 30),
(747, 62, 'XXL', 30),
(748, 63, 'L', 30),
(749, 63, 'XL', 30),
(750, 63, 'XXL', 30),
(751, 64, 'L', 30),
(752, 64, 'XL', 30),
(753, 64, 'XXL', 30),
(754, 65, 'L', 30),
(755, 65, 'XL', 30),
(756, 65, 'XXL', 30),
(757, 66, 'L', 30),
(758, 66, 'XL', 30),
(759, 66, 'XXL', 30),
(760, 67, 'L', 30),
(761, 67, 'XL', 30),
(762, 67, 'XXL', 30),
(763, 68, 'L', 30),
(764, 68, 'XL', 30),
(765, 68, 'XXL', 30),
(766, 69, 'L', 30),
(767, 69, 'XL', 30),
(768, 69, 'XXL', 30),
(769, 70, 'L', 30),
(770, 70, 'XL', 30),
(771, 70, 'XXL', 30),
(772, 71, 'L', 30),
(773, 71, 'XL', 30),
(774, 71, 'XXL', 30),
(775, 72, 'L', 30),
(776, 72, 'XL', 30),
(777, 72, 'XXL', 30),
(778, 73, 'L', 30),
(779, 73, 'XL', 30),
(780, 73, 'XXL', 30),
(781, 74, 'L', 30),
(782, 74, 'XL', 30),
(783, 74, 'XXL', 30),
(784, 75, 'L', 30),
(785, 75, 'XL', 30),
(786, 75, 'XXL', 30),
(787, 76, 'L', 30),
(788, 76, 'XL', 30),
(789, 76, 'XXL', 30),
(790, 77, 'L', 30),
(791, 77, 'XL', 30),
(792, 77, 'XXL', 30),
(793, 78, 'L', 30),
(794, 78, 'XL', 30),
(795, 78, 'XXL', 30),
(796, 79, 'L', 30),
(797, 79, 'XL', 30),
(798, 79, 'XXL', 30),
(799, 80, 'L', 30),
(800, 80, 'XL', 30),
(801, 80, 'XXL', 30),
(802, 81, 'L', 30),
(803, 81, 'XL', 30),
(804, 81, 'XXL', 30),
(805, 82, 'L', 30),
(806, 82, 'XL', 30),
(807, 82, 'XXL', 30),
(808, 83, 'L', 30),
(809, 83, 'XL', 30),
(810, 83, 'XXL', 30),
(811, 84, 'L', 30),
(812, 84, 'XL', 30),
(813, 84, 'XXL', 30),
(814, 85, 'L', 30),
(815, 85, 'XL', 30),
(816, 85, 'XXL', 30),
(817, 86, 'L', 30),
(818, 86, 'XL', 30),
(819, 86, 'XXL', 30),
(820, 87, 'L', 30),
(821, 87, 'XL', 30),
(822, 87, 'XXL', 30),
(823, 88, 'L', 30),
(824, 88, 'XL', 30),
(825, 88, 'XXL', 30),
(826, 89, 'L', 30),
(827, 89, 'XL', 30),
(828, 89, 'XXL', 30),
(829, 90, 'L', 30),
(830, 90, 'XL', 30),
(831, 90, 'XXL', 30),
(832, 91, 'L', 30),
(833, 91, 'XL', 30),
(834, 91, 'XXL', 30),
(835, 96, 'L', 30),
(836, 96, 'XL', 30),
(837, 96, 'XXL', 30),
(838, 97, 'L', 30),
(839, 97, 'XL', 30),
(840, 97, 'XXL', 30),
(841, 98, 'L', 30),
(842, 98, 'XL', 30),
(843, 98, 'XXL', 30),
(844, 99, 'L', 30),
(845, 99, 'XL', 30),
(846, 99, 'XXL', 30),
(847, 100, 'L', 30),
(848, 100, 'XL', 30),
(849, 100, 'XXL', 30),
(850, 101, 'L', 30),
(851, 101, 'XL', 30),
(852, 101, 'XXL', 30),
(853, 102, 'L', 30),
(854, 102, 'XL', 30),
(855, 102, 'XXL', 30),
(856, 103, 'L', 30),
(857, 103, 'XL', 30),
(858, 103, 'XXL', 30),
(859, 104, 'L', 30),
(860, 104, 'XL', 30),
(861, 104, 'XXL', 30),
(862, 105, 'L', 30),
(863, 105, 'XL', 30),
(864, 105, 'XXL', 30),
(865, 106, 'L', 30),
(866, 106, 'XL', 30),
(867, 106, 'XXL', 30),
(868, 107, 'L', 30),
(869, 107, 'XL', 30),
(870, 107, 'XXL', 30),
(871, 108, 'L', 30),
(872, 108, 'XL', 30),
(873, 108, 'XXL', 30),
(874, 109, 'L', 30),
(875, 109, 'XL', 30),
(876, 109, 'XXL', 30),
(877, 110, 'L', 30),
(878, 110, 'XL', 30),
(879, 110, 'XXL', 30),
(880, 111, 'L', 30),
(881, 111, 'XL', 30),
(882, 111, 'XXL', 30),
(883, 112, 'L', 30),
(884, 112, 'XL', 30),
(885, 112, 'XXL', 30),
(886, 113, 'L', 30),
(887, 113, 'XL', 30),
(888, 113, 'XXL', 30),
(889, 114, 'L', 30),
(890, 114, 'XL', 30),
(891, 114, 'XXL', 30),
(892, 115, 'L', 30),
(893, 115, 'XL', 30),
(894, 115, 'XXL', 30),
(895, 116, 'L', 30),
(896, 116, 'XL', 30),
(897, 116, 'XXL', 30),
(898, 117, 'L', 30),
(899, 117, 'XL', 30),
(900, 117, 'XXL', 30),
(901, 118, 'L', 30),
(902, 118, 'XL', 30),
(903, 118, 'XXL', 30),
(904, 119, 'L', 30),
(905, 119, 'XL', 30),
(906, 119, 'XXL', 30),
(907, 120, 'L', 30),
(908, 120, 'XL', 30),
(909, 120, 'XXL', 30),
(910, 121, 'L', 30),
(911, 121, 'XL', 30),
(912, 121, 'XXL', 30),
(913, 122, 'L', 30),
(914, 122, 'XL', 30),
(915, 122, 'XXL', 30),
(916, 123, 'L', 30),
(917, 123, 'XL', 30),
(918, 123, 'XXL', 30),
(919, 124, 'L', 30),
(920, 124, 'XL', 30),
(921, 124, 'XXL', 30),
(922, 125, 'L', 30),
(923, 125, 'XL', 30),
(924, 125, 'XXL', 30),
(925, 126, 'L', 30),
(926, 126, 'XL', 30),
(927, 126, 'XXL', 30),
(928, 127, 'L', 30),
(929, 127, 'XL', 30),
(930, 127, 'XXL', 30),
(931, 128, 'L', 30),
(932, 128, 'XL', 30),
(933, 128, 'XXL', 30),
(934, 129, 'L', 30),
(935, 129, 'XL', 30),
(936, 129, 'XXL', 30),
(937, 130, 'L', 30),
(938, 130, 'XL', 30),
(939, 130, 'XXL', 30),
(940, 131, 'L', 30),
(941, 131, 'XL', 30),
(942, 131, 'XXL', 30),
(943, 132, 'L', 30),
(944, 132, 'XL', 30),
(945, 132, 'XXL', 30),
(946, 133, 'L', 30),
(947, 133, 'XL', 30),
(948, 133, 'XXL', 30),
(949, 134, 'L', 30),
(950, 134, 'XL', 30),
(951, 134, 'XXL', 30),
(952, 135, 'L', 30),
(953, 135, 'XL', 30),
(954, 135, 'XXL', 30),
(955, 136, 'L', 30),
(956, 136, 'XL', 30),
(957, 136, 'XXL', 30),
(958, 137, 'L', 30),
(959, 137, 'XL', 30),
(960, 137, 'XXL', 30),
(961, 138, 'L', 30),
(962, 138, 'XL', 30),
(963, 138, 'XXL', 30),
(964, 139, 'L', 30),
(965, 139, 'XL', 30),
(966, 139, 'XXL', 30),
(967, 140, 'L', 30),
(968, 140, 'XL', 30),
(969, 140, 'XXL', 30),
(970, 141, 'L', 30),
(971, 141, 'XL', 30),
(972, 141, 'XXL', 30),
(973, 142, 'L', 30),
(974, 142, 'XL', 30),
(975, 142, 'XXL', 30),
(976, 143, 'L', 30),
(977, 143, 'XL', 30),
(978, 143, 'XXL', 30),
(979, 144, 'L', 30),
(980, 144, 'XL', 30),
(981, 144, 'XXL', 30),
(982, 145, 'L', 30),
(983, 145, 'XL', 30),
(984, 145, 'XXL', 30),
(985, 146, 'L', 30),
(986, 146, 'XL', 30),
(987, 146, 'XXL', 30),
(988, 147, 'L', 30),
(989, 147, 'XL', 30),
(990, 147, 'XXL', 30),
(991, 148, 'L', 30),
(992, 148, 'XL', 30),
(993, 148, 'XXL', 30),
(994, 149, 'L', 30),
(995, 149, 'XL', 30),
(996, 149, 'XXL', 30),
(997, 150, 'L', 30),
(998, 150, 'XL', 30),
(999, 150, 'XXL', 30),
(1000, 151, 'L', 30),
(1001, 151, 'XL', 30),
(1002, 151, 'XXL', 30),
(1003, 152, 'L', 30),
(1004, 152, 'XL', 30),
(1005, 152, 'XXL', 30),
(1006, 153, 'L', 30),
(1007, 153, 'XL', 30),
(1008, 153, 'XXL', 30),
(1009, 154, 'L', 30),
(1010, 154, 'XL', 30),
(1011, 154, 'XXL', 30),
(1012, 155, 'L', 30),
(1013, 155, 'XL', 30),
(1014, 155, 'XXL', 30),
(1015, 156, 'L', 30),
(1016, 156, 'XL', 30),
(1017, 156, 'XXL', 30),
(1018, 157, 'L', 30),
(1019, 157, 'XL', 30),
(1020, 157, 'XXL', 30),
(1021, 158, 'L', 30),
(1022, 158, 'XL', 30),
(1023, 158, 'XXL', 30),
(1024, 159, 'L', 30),
(1025, 159, 'XL', 30),
(1026, 159, 'XXL', 30),
(1027, 160, 'L', 30),
(1028, 160, 'XL', 30),
(1029, 160, 'XXL', 30),
(1030, 161, 'L', 30),
(1031, 161, 'XL', 30),
(1032, 161, 'XXL', 30),
(1033, 162, 'L', 30),
(1034, 162, 'XL', 30),
(1035, 162, 'XXL', 30),
(1036, 163, 'L', 30),
(1037, 163, 'XL', 30),
(1038, 163, 'XXL', 30),
(1039, 164, 'L', 30),
(1040, 164, 'XL', 30),
(1041, 164, 'XXL', 30),
(1042, 165, 'L', 30),
(1043, 165, 'XL', 30),
(1044, 165, 'XXL', 30),
(1045, 166, 'L', 30),
(1046, 166, 'XL', 30),
(1047, 166, 'XXL', 30),
(1048, 167, 'L', 30),
(1049, 167, 'XL', 30),
(1050, 167, 'XXL', 30),
(1051, 168, 'L', 30),
(1052, 168, 'XL', 30),
(1053, 168, 'XXL', 30),
(1054, 169, 'L', 30),
(1055, 169, 'XL', 30),
(1056, 169, 'XXL', 30),
(1057, 170, 'L', 30),
(1058, 170, 'XL', 30),
(1059, 170, 'XXL', 30),
(1060, 171, 'L', 30),
(1061, 171, 'XL', 30),
(1062, 171, 'XXL', 30),
(1063, 172, 'L', 30),
(1064, 172, 'XL', 30),
(1065, 172, 'XXL', 30),
(1066, 173, 'L', 30),
(1067, 173, 'XL', 30),
(1068, 173, 'XXL', 30),
(1069, 174, 'L', 30),
(1070, 174, 'XL', 30),
(1071, 174, 'XXL', 30),
(1072, 175, 'L', 30),
(1073, 175, 'XL', 30),
(1074, 175, 'XXL', 30),
(1075, 176, 'L', 30),
(1076, 176, 'XL', 30),
(1077, 176, 'XXL', 30),
(1078, 177, 'L', 30),
(1079, 177, 'XL', 30),
(1080, 177, 'XXL', 30),
(1081, 178, 'L', 30),
(1082, 178, 'XL', 30),
(1083, 178, 'XXL', 30),
(1084, 179, 'L', 30),
(1085, 179, 'XL', 30),
(1086, 179, 'XXL', 30),
(1087, 180, 'L', 30),
(1088, 180, 'XL', 30),
(1089, 180, 'XXL', 30),
(1090, 181, 'L', 30),
(1091, 181, 'XL', 30),
(1092, 181, 'XXL', 30),
(1093, 182, 'L', 30),
(1094, 182, 'XL', 30),
(1095, 182, 'XXL', 30),
(1096, 183, 'L', 30),
(1097, 183, 'XL', 30),
(1098, 183, 'XXL', 30),
(1099, 184, 'L', 30),
(1100, 184, 'XL', 30),
(1101, 184, 'XXL', 30),
(1102, 185, 'L', 30),
(1103, 185, 'XL', 30),
(1104, 185, 'XXL', 30),
(1105, 186, 'L', 30),
(1106, 186, 'XL', 30),
(1107, 186, 'XXL', 30),
(1108, 187, 'L', 30),
(1109, 187, 'XL', 30),
(1110, 187, 'XXL', 30),
(1111, 188, 'L', 30),
(1112, 188, 'XL', 30),
(1113, 188, 'XXL', 30),
(1114, 189, 'L', 30),
(1115, 189, 'XL', 30),
(1116, 189, 'XXL', 30),
(1117, 190, 'L', 30),
(1118, 190, 'XL', 30),
(1119, 190, 'XXL', 30),
(1120, 191, 'L', 30),
(1121, 191, 'XL', 30),
(1122, 191, 'XXL', 30),
(1123, 192, 'L', 30),
(1124, 192, 'XL', 30),
(1125, 192, 'XXL', 30),
(1126, 193, 'L', 30),
(1127, 193, 'XL', 30),
(1128, 193, 'XXL', 30),
(1129, 194, 'L', 30),
(1130, 194, 'XL', 30),
(1131, 194, 'XXL', 30),
(1132, 195, 'L', 30),
(1133, 195, 'XL', 30),
(1134, 195, 'XXL', 30),
(1135, 196, 'L', 30),
(1136, 196, 'XL', 30),
(1137, 196, 'XXL', 30),
(1138, 197, 'L', 30),
(1139, 197, 'XL', 30),
(1140, 197, 'XXL', 30),
(1141, 198, 'L', 30),
(1142, 198, 'XL', 30),
(1143, 198, 'XXL', 30),
(1144, 199, 'L', 30),
(1145, 199, 'XL', 30),
(1146, 199, 'XXL', 30),
(1147, 200, 'L', 30),
(1148, 200, 'XL', 30),
(1149, 200, 'XXL', 30),
(1150, 201, 'L', 30),
(1151, 201, 'XL', 30),
(1152, 201, 'XXL', 30),
(1153, 202, 'L', 30),
(1154, 202, 'XL', 30),
(1155, 202, 'XXL', 30),
(1156, 203, 'L', 30),
(1157, 203, 'XL', 30),
(1158, 203, 'XXL', 30),
(1159, 204, 'L', 30),
(1160, 204, 'XL', 30),
(1161, 204, 'XXL', 30),
(1162, 205, 'L', 30),
(1163, 205, 'XL', 30),
(1164, 205, 'XXL', 30),
(1165, 206, 'L', 30),
(1166, 206, 'XL', 30),
(1167, 206, 'XXL', 30),
(1168, 207, 'L', 30),
(1169, 207, 'XL', 30),
(1170, 207, 'XXL', 30),
(1171, 208, 'L', 30),
(1172, 208, 'XL', 30),
(1173, 208, 'XXL', 30),
(1174, 209, 'L', 30),
(1175, 209, 'XL', 30),
(1176, 209, 'XXL', 30),
(1177, 210, 'L', 30),
(1178, 210, 'XL', 30),
(1179, 210, 'XXL', 30),
(1180, 211, 'L', 30),
(1181, 211, 'XL', 30),
(1182, 211, 'XXL', 30),
(1183, 212, 'L', 30),
(1184, 212, 'XL', 30),
(1185, 212, 'XXL', 30),
(1186, 213, 'L', 30),
(1187, 213, 'XL', 30),
(1188, 213, 'XXL', 30);

-- --------------------------------------------------------

--
-- Table structure for table `produse`
--

CREATE TABLE `produse` (
  `id_produs` int(10) NOT NULL,
  `nume` varchar(100) DEFAULT NULL,
  `pret` int(10) DEFAULT NULL,
  `material` varchar(100) DEFAULT NULL,
  `imagine` varchar(100) DEFAULT NULL,
  `descriere` varchar(1000) DEFAULT NULL,
  `gen` varchar(100) DEFAULT NULL,
  `tip` varchar(100) DEFAULT NULL,
  `categorie` varchar(30) NOT NULL,
  `culoare` varchar(30) NOT NULL,
  `nr_accesari` int(100) NOT NULL
) ENGINE=InnoDB DEFAULT CHARSET=utf8;

--
-- Dumping data for table `produse`
--

INSERT INTO `produse` (`id_produs`, `nume`, `pret`, `material`, `imagine`, `descriere`, `gen`, `tip`, `categorie`, `culoare`, `nr_accesari`) VALUES
(10, 'Mom High Ankle Jeans', 100, 'denim', 'f-blugi1', 'Jeans până la gleznă, confecționați din denim elastic prespălat de bumbac, cu cinci buzunare, cu talie foarte înaltă', 'femei', 'casual', 'blugi', 'albastru', 32),
(11, 'Skinny High Jeans', 150, 'denim', 'f-blugi2', 'Jeans de denim elastic prespălat, cu cinci buzunare, cu talie înaltă, cu șliț cu fermoar. Model strâns pe picioare.', 'femei', 'bussines', 'blugi', 'albastru', 5),
(12, 'Skinny High Jeans', 80, 'denim', 'f-blugi3', 'Jeans de denim elastic, cu buzunare, cu talie înaltă, cu șliț cu fermoar. Model strâns pe picioare.', 'femei', 'casual', 'blugi', 'negru', 2),
(13, 'Skinny Ankle Jeans', 200, 'denim', 'f-blugi4', 'Jeans până la gleznă, confecționați din denim prespălat foarte elastic, cu detalii cu aspect uzat.', 'femei', 'casual', 'blugi', 'albastru', 1),
(14, 'Slim Mom Ankle Jeans', 150, 'denim', 'f-blugi5', 'Jeans până la gleznă, confecționat din denim prespălat, cu detalii cu aspect foarte uzat, cu cinci buzunare. Talie foarte înaltă, șliț cu nasturi. Model ușor conic pe picioare, cu margini finisate.', 'femei', 'fit', 'blugi', 'albastru', 0),
(15, 'Skinny Regular Jeans', 150, 'denim', 'f-blugi6', 'Jeans până la gleznă, confecționați din denim prespălat foarte elastic, cu detalii cu aspect uzat, cu cinci buzunare. Talie normală, șliț cu fermoar și cu nasture. Model strâns pe picioare. ', 'femei', 'fit', 'blugi', 'albastru', 4),
(16, 'Skinny Ankle Jeans', 199, 'denim', 'f-blugi7', 'Jeans până la gleznă, confecționați din denim prespălat foarte elastic, cu detalii cu aspect uzat, cu 4 buzunare. Talie normală, șliț cu fermoar și cu nasture. Model lejer pe picioare. ', 'femei', 'fit', 'blugi', 'albastru', 0),
(17, 'Skinny High Jeans', 150, 'denim', 'f-blugi8', 'Jeans de denim elastic prespălat, cu cinci buzunare, cu talie înaltă, cu șliț cu fermoar. Model strâns pe picioare.', 'femei', 'fit', 'blugi', 'albastru', 0),
(19, 'Slim Mom Jeans', 200, 'denim', 'f-blugi10', 'Jeans până la gleznă, confecționat din denim prespălat, cu detalii cu aspect foarte uzat, cu cinci buzunare. Talie foarte înaltă, șliț cu nasturi. Model ușor conic pe picioare, cu margini nefinisate la tiv.', 'femei', 'fit', 'blugi', 'albastru', 2),
(20, 'Bluza cu imprimeu floral', 80, 'sintetic', 'f-bluze1', 'Bluză dreaptă din țesătură, cu deschizătură rotundă la spate, cu șnururi în spatele gâtului și cu imprimeu floral', 'femei', 'casual', 'bluze', 'rosu', 2),
(21, 'Bluza cu maneci bufante', 69, 'bumbac', 'f-bluze2', 'Bluză dreaptă din țesătură, cu deschizătură rotundă la spate, cu șnururi în spatele gâtului și cu mâneci bufante scurte cu elastic.', 'femei', 'bussines', 'bluze', 'negru', 2),
(22, 'Bluza cu meneci lungi', 100, 'bumbac', 'f-bluze3', 'Bluza cu cu mâneci lungi cu nasturi la manșete. Croială rotunjită la bază.', 'femei', 'casual', 'bluze', 'bej', 0),
(23, 'Bluza cu maneci surte', 70, 'bumbac', 'f-bluze4', 'Croială lejeră, cu pliu în față. Ușor rotunjită la bază și ușor mai lungă la spate. Necăptușită.', 'femei', 'bussines', 'bluze', 'maro', 0),
(24, 'Bluza cu maneca lunga', 110, 'satin', 'f-bluze5', 'Bluza cu cu mâneci lungi cu nasturi la manșete. Croială rotunjită la bază.', 'femei', 'casual', 'bluze', 'alb', 0),
(25, 'Bluză cu mâneci bufante', 100, 'matase', 'f-bluze6', 'Bluză cambrată cu răscroiala gâtului în formă de inimă și cu încrețituri decorative la bust. Mâneci scurte, bufante și ample, cu elastic îngust îmbrăcat la umeri și la bază.', 'femei', 'casual', 'bluze', 'rosu', 0),
(26, 'Bluză creponată', 80, 'catifea', 'f-bluze7', 'Croială lejeră, cu pliu în față. Ușor rotunjită la bază și ușor mai lungă la spate. Necăptușită.', 'femei', 'casual', 'bluze', 'negru', 0),
(27, 'Bluză vaporoasă ', 150, 'bumbac', 'f-bluze8', 'Cusătură încrețită la bază pentru a da volum. Căptușită cu o tunică interioară din țesătură, cu decolteu în V, cu bretele reglabile.', 'femei', 'bussines', 'bluze', 'maro', 0),
(28, 'Bluză din amestec de modal', 70, 'bumbac', 'f-bluze9', 'Bluză largă confecționată din jerseu moale din amestec de modal și bumbac, cu decolteu amplu cu elastic, cu deschizătură cu șnururi în spatele gâtului. Mâneci raglan lungi cu elastic la manșete.', 'femei', 'casual', 'bluze', 'roz', 0),
(29, 'Bluză din amestec de modal', 100, 'bumbac', 'f-bluze10', 'Bluză largă confecționată din jerseu moale din amestec de modal și bumbac, cu decolteu amplu cu elastic, cu deschizătură cu șnururi în spatele gâtului. Mâneci raglan lungi cu elastic la manșete.', 'femei', 'casual', 'bluze', 'albastru', 0),
(31, 'Cămașă cu decolteu în V', 50, 'bumbac', 'f-camasi1', 'Cămașă din țesătură ușoară de bumbac, cu guler, cu decolteu în V în față, cu platcă cu pliu la spate. Mâneci lungi cu nasturi la manșete. Croială ușor rotunjită la bază, mai lungă la spate.', 'femei', 'casual', 'camasi', 'albastru', 1),
(32, 'Bluză din amestec de in', 70, 'in', 'f-camasi2', 'Bluză din țesătură de in și bumbac, cu guler, cu deschizătură în V în față și cu platcă cu pliu la spate. Umerii căzuți, mâneci trei sferturi cu nasturi la manșete. Croială rotunjită la bază.', 'femei', 'bussines', 'camasi', 'alb', 1),
(33, 'Cămașă de bumbac', 90, 'bumbac', 'f-camasi3', 'Cămașă din poplin de bumbac, cu guler, cu umerii căzuți, cu nasturi pe toată lungimea în față, cu nasturi la manșete. Croială largă și rotunjită la bază, cu fente pe laterale.', 'femei', 'casual', 'camasi', 'roz', 0),
(34, 'Cămașă de bumbac', 100, 'bumbac', 'f-camasi4', 'Cămașă din poplin de bumbac, cu guler, cu umerii căzuți, cu nasturi pe toată lungimea în față, cu nasturi la manșete. Croială largă și rotunjită la bază, cu fente pe laterale.', 'femei', 'bussines', 'camasi', 'negru', 0),
(35, 'Cămașă de crep', 80, 'viscoza', 'f-camasi5', 'Cămașă confecționată din țesătură crep cu motive, cu guler și cu nasturi pe toată lungimea în față, cu platcă la spate, cu umerii ușor căzuți, cu mâneci lungi cu nasturi la manșete. Croială rotunjită la bază.', 'femei', 'casual', 'camasi', 'verde', 0),
(37, 'Cămașă cu benzi la guler', 90, 'poliester', 'f-camasi6', 'Cămașă din țesătură vaporoasă, cu guler și benzi cusute în partea de sus, cu platcă la spate, cu nasturi pe toată lungimea în față, cu mâneci lungi cu nasturi la manșete.', 'femei', 'casual', 'camasi', 'roz', 1),
(38, 'Cămașă elastică', 70, 'bumbac', 'f-camasi7', 'Cămașă ușor ajustată, din țesătură elastică din amestec de bumbac, cu revere ascuțite, cu fentă clasică cu nasturi în față și cu platcă la spate. Mâneci lungi cu manșete late cu nasturi. Croială rotunjită la bază.', 'femei', 'bussines', 'camasi', 'roz', 0),
(39, 'Camasa vaporoasa', 80, 'poliester', 'f-camasi8', 'Camasa largă din țesătură, cu elastic și încrețituri decorative la răscroiala gâtului, cu guler mic cu volănaș. Mâneci raglan lungi cu fronseuri late și bordură mică cu volănaș la manșete.', 'femei', 'casual', 'camasi', 'negru', 0),
(40, 'Bluză cu mâneci lungi', 60, 'poliester', 'f-camasi9', 'Bluză din țesătură, cu guler, cu nasturi pe toată lungimea în față, cu încrețituri la umeri. Mâneci lungi cu nasturi la manșete. Croială rotunjită la bază și ușor mai lungă la spate.', 'femei', 'bussines', 'camasi', 'negru', 0),
(41, 'Bluză cu mâneci lungi', 60, 'poliester', 'f-camasi10', 'Bluză din țesătură, cu guler, cu nasturi pe toată lungimea în față, cu încrețituri la umeri. Mâneci lungi cu nasturi la manșete. Croială rotunjită la bază și ușor mai lungă la spate.', 'femei', 'casual', 'camasi', 'maro', 0),
(42, 'Fustă de denim\r\n', 100, 'denim', 'f-fuste1', 'Fustă scurtă confecționată din denim gros și prespălat, cu detalii cu aspect foarte uzat, cu cinci buzunare, cu talie înaltă. Șliț cu fermoar și cu nasture, margine tăiată și nefinisată la bază. Bumbacul din compoziție este parțial reciclat.', 'femei', 'casual', 'fuste', 'albastru', 0),
(43, 'Fustă de satin cu pliuri', 130, 'satin', 'f-fuste2', 'Fustă evazată, până la genunchi din satin de bumbac. Talie înaltă cu pliuri, cu elastic și cu volănaș. Cordon împletit detașabil și buzunar mare cu clapă aplicat pe fiecare parte. Necăptușită.', 'femei', 'festival', 'fuste', 'maro', 0),
(45, 'Fustă plisată', 100, 'poliester', 'f-fuste4', 'Fustă până la gambă, din țesătură vaporoasă plisată, cu talie înaltă cu elastic îmbrăcat. Căptușită.', 'femei', 'festival', 'fuste', 'roz', 0),
(46, 'Fustă cu paiete', 160, 'poliester', 'f-fuste5', 'Fustă până la gambă, confecționată din plasă cu paiete, cu talie înaltă, cu nasture ascuns și fermoar la spate. Fustă interioară de jerseu.', 'femei', 'festival', 'fuste', 'bej', 0),
(47, 'Fustă de denim', 160, 'denim', 'f-fuste6', 'Fustă până la gambă, în formă de A, din denim de bumbac, cu talie înaltă cu volănaș în partea de sus și cu elastic, cu cordon detașabil și cu buzunare în față. Necăptușită.', 'femei', 'casual', 'fuste', 'albastru', 0),
(48, 'Fustă cloș de bumbac', 200, 'bumbac', 'f-fuste8', 'Fustă cloș din poplin ușor de bumbac cu motive, cu pliuri în partea de sus, cu fermoar într-o parte și cu fustă din poplin de bumbac pe dedesubt.', 'femei', 'cocktail', 'fuste', 'galben', 0),
(49, 'Fustă plisată', 150, 'poliester', 'f-fuste9', 'Fustă scurtă, plisată, din țesătură, cu talie înaltă și cu fermoar ascuns și capsă într-o parte. Necăptușită.', 'femei', 'casual', 'fuste', 'negru', 0),
(50, 'Fustă cu motive', 130, 'bumbac', 'f-fuste7', 'Fustă până la gambă, din țesătură subțire cu motive, cu talie înaltă și încrețită și cu fermoar ascuns într-o parte. Cusătură încrețită la șolduri pentru a da amploare. Necăptușită.', 'femei', 'casual', 'fuste', 'albastru', 0),
(51, 'Fustă de satin', 150, 'satin', 'f-fuste10', 'Fustă până la gambă, din satin ușor drapat de viscoză cu aspect lucios, cu talie înaltă cu elastic ascuns și ușor evazată la bază. Necăptușită.', 'femei', 'casual', 'fuste', 'roz', 0),
(52, 'Jachetă de denim', 150, 'denim', 'f-jachete1', 'Jachetă din denim de bumbac prespălat, cu guler, cu nasturi pe toată lungimea în față, cu platcă în față și la spate. Buzunare cu clapă și nasture la piept, buzunare în față și nasturi la manșete. Necăptușită.', 'femei', 'casual', 'jachete', 'albastru', 1),
(53, 'Trenci', 230, 'bumbac', 'f-jachete2', 'Trenci scurt, la două rânduri de nasturi, din țesătură, cu guler lat, cu apărătoare de ploaie și vânt cu nasture. Barete fixe pe umeri și platcă lejeră la spate. Buzunare laterale, cordon detașabil în talie, baretă reglabilă cu cataramă la manșete și șliț la spate. Căptușit. Poliesterul din compoziție este reciclat.', 'femei', 'bussines', 'jachete', 'bej', 1),
(54, 'Jachetă-hanorac sport', 200, 'poliamida', 'f-jachete3', 'Jachetă-hanorac sport din material funcțional cu uscare rapidă, cu glugă cu șnur, cu guler ridicat și cu fermoar în partea de sus. Căptușeală de plasă la spate, cu platcă lejeră care permite aerisirea, manșete cu bordură reiată și cu deschizături pentru degetul mare. Șnur elastic ascuns la bază.', 'femei', 'sport', 'jachete', 'bej', 1),
(55, 'Jachetă cu glugă', 160, 'poliester', 'f-jachete4', 'Jachetă de exterior din țesătură, cu glugă în strat dublu, cu guler ridicat, cu fermoar pe toată lungimea în față și apărătoare de bărbie. Secțiuni vătuite în față și la spate, mâneci raglan lungi cu deschizătură pentru degetul mare la manșete și secțiuni laterale de jerseu gros căptușite cu fleece termoizolant, buzunare laterale cu fermoar. Mai lungă și rotunjită la spate. Parțial căptușită.', 'femei', 'sport', 'jachete', 'verde', 0),
(56, 'Jachetă de motociclist', 150, 'poliester', 'f-jachete5', 'Jachetă de motociclist dreaptă, confecționată din imitație de piele întoarsă moale, cu fermoar diagonal pe toată lungimea în față, cu revere crestate cu capse decorative. Buzunare cu fermoar în față, margini nefinisate la manșete și la bază. Necăptușită.', 'femei', 'sport', 'jachete', 'negru', 0),
(57, 'Jachetă piele', 170, 'piele', 'f-jachete6', 'Jachetă confecționată din imitație de piele moale, cu fermoar diagonal pe toată lungimea în față, cu revere crestate cu capse metalice decorative. Buzunare cu fermoar în față, fermoar la manșete. Căptușită.', 'femei', 'sport', 'jachete', 'negru', 0),
(58, 'Jachetă de motociclist', 200, 'poliester', 'f-jachete7', 'Jachetă de motociclist confecționată din material textil moale flaușat, cu revere crestate, cu fermoar diagonal pe toată lungimea în față. Buzunare cu fermoar în față, baretă decorativă și nasture fals pe laterale. Căptușită.', 'femei', 'sport', 'jachete', 'roz', 0),
(59, 'Jachetă de aviator', 140, 'poliester', 'f-jachete8', 'Jachetă de aviator ușor vătuită, din țesătură de nailon, cu guler reiat și cu fermoar pe toată lungimea în față. Buzunare aplicate cu clapă și capsă în față, buzunar cu fermoar pe o mânecă și bordură reiată la manșete și la bază. Căptușeală matlasată.', 'femei', 'sport', 'jachete', 'bej', 0),
(60, 'Jachetă de fleece', 120, 'poliester', 'f-jachete9', 'Jachetă confecționată din fleece termoizolant moale, cu uscare rapidă, cu guler ridicat, cu fermoar ascuns pe toată lungimea în față și cu buzunar cu fermoar la piept. Mâneci raglan lungi cu deschizături pentru degetul mare la manșete. Croială rotunjită la bază, mai lungă la spate. Poliesterul din compoziție este parțial reciclat.', 'femei', 'casual', 'jachete', 'maro', 0),
(61, 'Jachetă ușoară cu puf', 150, 'poliamida', 'f-jachete10', 'Jachetă ușoară, cambrată, confecționată din nailon, cu umplutură din 70% puf reciclat și 30% pene reciclate. Guler ridicat mic, care poate fi îndoit și fixat cu o capsă pentru a forma un decolteu în V. Capse pe toată lungimea în față, buzunare laterale. Jacheta este ușor de împachetat în săculețul de depozitare cu care este vândută. Dimensiunile săculețului de depozitare: 10x22 cm.', 'femei', 'casual', 'jachete', 'galben', 0),
(62, 'Pantaloni tip jogging', 100, 'in', 'f-pantaloni1', 'Pantaloni tip jogging confecționați din in, cu talie normală cu elastic și șnur, cu buzunare laterale, cu buzunar fals la spate. Model conic pe picioare.', 'femei', 'casual', 'pantaloni', 'negru', 0),
(63, 'Pantaloni cu pliuri în talie', 60, 'viscoza', 'f-pantaloni2', 'Pantaloni până la gleznă din țesătură subțire de viscoză, cu talie înaltă cu pliuri, cu elastic la spate și cu cordon detașabil. Pliuri în partea de sus, buzunare laterale diagonale. Model ușor conic, cu dungă pe picioare.', 'femei', 'bussines', 'pantaloni', 'maro', 0),
(64, 'Pantaloni sport', 160, 'poliester', 'f-pantaloni3', 'Pantaloni sport cu talie înaltă, din material funcțional cu uscare rapidă, cu betelie lată cu elastic. Model larg și ușor conic pe picioare, cu elastic și fermoar vizibil la tiv. Căptușeală de plasă. Poliesterul din compoziția pantalonilor la exterior este reciclat.', 'femei', 'sport', 'pantaloni', 'negru', 0),
(65, 'Pantaloni, imitație piele', 150, 'poliester', 'f-pantaloni4', 'Pantaloni din imitație de piele, cu talie înaltă, cu șliț cu fermoar și cu capsă, cu buzunare în față. Model strâns pe corp și cu dungă pe picioare.', 'femei', 'festival', 'pantaloni', 'negru', 0),
(66, 'Pantaloni cu elastic în talie', 50, 'viscoza', 'f-pantaloni5', 'Pantaloni până la gleznă confecționați din twill moale și vaporos de viscoză, cu talie înaltă cu elastic și cu șnur, cu buzunare aplicate în față și cu elastic la tiv.', 'femei', 'sport', 'pantaloni', 'verde', 0),
(67, 'Pantaloni de costum', 100, 'poliester', 'f-pantaloni6', 'Pantaloni de costum din țesătură elastică, cu talie normală, cu șliț cu fermoar și închizătoare cu copci ascunsă, cu buzunare laterale. Model conic cu dungă pe picioare.', 'femei', 'bussines', 'pantaloni', 'negru', 0),
(68, 'Pantaloni largi cu cordon', 130, 'poliester', 'f-pantaloni7', 'Pantaloni până la gleznă, din țesătură, cu talie înaltă cu cordon reglabil cu cataramă în formă de D în față. Pliuri în partea de sus, șliț cu fermoar și cu închizătoare cu copci ascunsă, buzunare laterale și buzunare false la spate. Model drept și larg pe picioare.', 'femei', 'casual', 'pantaloni', 'rosu', 0),
(69, 'Pantaloni cu pliuri în talie', 69, 'viscoza', 'f-pantaloni8', 'Pantaloni până la gleznă din țesătură subțire de viscoză, cu talie înaltă cu pliuri, cu elastic la spate și cu cordon detașabil. Pliuri în partea de sus, buzunare laterale diagonale. Model ușor conic, cu dungă pe picioare.', 'femei', 'casual', 'pantaloni', 'bej', 0),
(70, 'Pantaloni chino de bumbac', 100, 'bumbac', 'f-pantaloni9', 'Pantaloni chino până la gleznă, din țesătură moale de bumbac, cu talie normală, cu șliț cu fermoar și cu nasture, cu buzunare laterale și cu buzunare false cu nasture la spate. Model conic și cu dungă pe picioare.', 'femei', 'casual', 'pantaloni', 'albastru', 0),
(71, 'Pantaloni largi de jerseu', 70, 'viscoza', 'f-pantaloni10', 'Pantaloni din jerseu moale și reiat de viscoză, cu talie înaltă cu elastic îmbrăcat, buzunare în cusăturile laterale. Model drept și larg pe picioare.', 'femei', 'festival', 'pantaloni', 'negru', 0),
(72, 'Rochie cu mâneci bufante', 90, 'vascoza', 'f-rochie1', 'Rochie scurtă din țesătură, decolteu în V, cu nasturi pe toată lungimea în față, cu mâneci bufante scurte cu borduri cu fronseuri și cu cusătură în talie. Necăptușită.', 'femei', 'casual', 'rochii', 'verde', 0),
(73, 'Rochie cu broderie', 150, 'vascoza', 'f-rochie2', 'Rochie scurtă din țesătură de bumbac cu broderie englezească. Decolteu adânc în V în față și la spate, fermoar ascuns la spate. Două volane pe umeri, mâneci bufante scurte și fustă evazată cu căptușeală ușoară de viscoză. Fronseuri la răscroiala gâtului, la mâneci și în talie.', 'femei', 'casual', 'rochii', 'alb', 0),
(74, 'Rochie scurtă de denim', 140, 'denim', 'f-rochie3', 'Rochie scurtă și dreaptă, confecționată din denim ușor, prespălat, cu decolteu rotund, cu deschizătură mică și nasture în spatele gâtului. Mâneci scurte cu bordură cu volan. Margine brodată și festonată la mâneci și la bază. Necăptușită.', 'femei', 'casual', 'rochii', 'albastru', 0),
(75, 'Rochie lungă de șifon', 300, 'sifon', 'f-rochie4', 'Rochie lungă de șifon vaporos ușor drapat. Croială îngustă în partea de sus, bretele scurte și deschizătură în V la spate. Corset cu pliuri pentru a crea un efect drapat, fermoar ascuns la spate și cusătură în talie cu elastic ascuns reglabil. Fusta ușor evazată, cu strat dublu de șifon pentru a crea volum și ușor drapată. Căptușeală de satin.', 'femei', 'bal', 'rochii', 'roz', 0),
(76, 'Rochie maxi de mătase', 600, 'matase', 'f-rochie5', 'Rochie maxi confecționată din mătase moale, cu decolteu în V în față și la spate, cu bretele lungi și late, care se leagă în partea de sus. Croială dreaptă, cu fusta voluminoasă, cu talie căzută și încrețită.', 'femei', 'cocktail', 'rochii', 'rosu', 0),
(77, 'Rochie cambrată', 160, 'poliester', 'f-rochie6', 'Rochie cambrată, până la gambă, confecționată din jerseu gros cu aspect lucios, cu decolteu rotund, cu fermoar ascuns la spate. Cusătură asimetrică sub bust și fusta cu cusătură și evazată la bază. Căptușită.', 'femei', 'business', 'rochii', 'bej', 0),
(78, 'Rochie-sacou', 200, 'poliester', 'f-rochie7', 'Rochie scurtă din țesătură crep, cu revere crestate înguste, petrecută în față și cu șnururi pe interior. Mâneci lungi cu nasturi îmbrăcați decorativi la manșete și cordon detașabil din material textil în talie, cu cataramă de metal îmbrăcată. Căptușită.', 'femei', 'business', 'rochii', 'alb', 0),
(79, 'Rochie de dantelă', 160, 'dantela', 'f-rochie8', 'Rochie până la genunchi, cambrată, confecționată din dantelă, cu guler ridicat mic și cu fermoar ascuns la spate. Inserție de dantelă în talie, mâneci-capac. Căptușită.', 'femei', 'cocktail', 'rochii', 'roz', 0),
(80, 'Rochie cu cordon', 160, 'poliester', 'f-rochie9', 'Rochie fără mâneci, până la genunchi, din țesătură, cu cordon detașabil în talie, cu cataramă de metal îmbrăcat. Căptușită.', 'femei', 'business', 'rochii', 'alb', 0),
(81, 'Rochie de bal, de tul', 1300, 'tul', 'f-rochie10', 'Rochie lungă, voluminoasă, confecționată din tul de poliester reciclat cu aspect lucios. Decolteu în V adânc la spate, cu două seturi de panglici din bandă ripsată care se leagă la spate. Întreaga rochie este decorată cu benzi înguste din tul încrețit.', 'femei', 'bal', 'rochii', 'albastru', 0),
(82, 'Skinny Jeans', 90, 'denim', 'b-blugi1', 'Jeans confecționați din denim elastic prespălat, cu cinci buzunare, cu talie normală, cu șliț cu fermoar și cu nasture. Model foarte strâns pe picioare.', 'barbati', 'casual', 'blugi', 'albastru', 0),
(83, 'Skinny Jeans', 90, 'denim', 'b-blugi2', 'Jeans confecționați din denim elastic prespălat, cu cinci buzunare, cu talie normală, cu șliț cu fermoar și cu nasture. Model foarte strâns pe picioare.', 'barbati', 'casual', 'blugi', 'negru', 0),
(84, 'Skinny Cropped Jeans', 130, 'denim', 'b-blugi3', 'Jeans de denim elastic prespălat, cu detalii cu aspect uzat, cu cinci buzunare, cu talie normală, cu șliț cu fermoar și cu nasture. Model ușor mai scurt, foarte strâns pe picioare.', 'barbati', 'casual', 'blugi', 'albastru', 0),
(85, 'Slim Straight Jeans', 140, 'denim', 'b-blugi4', 'Jeans de denim prespălat, cu cinci buzunare, cu talie normală, cu șliț cu nasturi. Model drept pe picioare, ușor mai îngust spre tiv.', 'barbati', 'casual', 'blugi', 'albastru', 0),
(86, 'Slim Super Soft Jeans', 140, 'denim', 'b-blugi5', 'Jeans confecționați din denim elastic foarte moale, cu cinci buzunare, cu talie normală, cu secțiune reiată pe interiorul beteliei, la spate. Șnur ascuns în față și șliț cu fermoar. Model strâns pe picioare.', 'barbati', 'casual', 'blugi', 'albastru', 0),
(87, 'Skinny Jeans', 160, 'denim', 'b-blugi6', 'Jeans confecționați din denim elastic prespălat cu detalii cu aspect foarte uzat, cu cinci buzunare, cu talie normală, cu șliț cu fermoar și cu nasture. Model foarte strâns pe picioare. Confecționați parțial din bumbac reciclat.', 'barbati', 'casual', 'blugi', 'albastru', 0),
(88, 'Slim Jeans', 150, 'denim', 'b-blugi7', 'Jeans confecționați din denim elastic prespălat, cu detalii cu aspect uzat, cu cinci buzunare, cu talie normală, cu șliț cu fermoar și cu nasture. Model strâns pe picioare.', 'barbati', 'casual', 'blugi', 'negru', 0),
(89, 'Coolmax Regular Jeans', 160, 'denim', 'b-blugi8', 'Jeans din denim elastic prespălat, cu cinci buzunare, cu talie normală, cu șliț cu fermoar și cu nasture. Model conic pe picioare, care oferă libertate de mișcare în zona coapselor și genunchilor. Confecționați din materialul funcțional Coolmax®, o fibră de poliester cu uscare rapidă unică, moale și confortabilă care absoarbe eficient umiditatea, reglând în același timp temperatura.', 'barbati', 'casual', 'blugi', 'albastru', 0),
(90, 'Slim Straight Jeans', 100, 'denim', 'b-blugi9', 'Jeans de denim prespălat, cu cinci buzunare, cu talie normală, cu șliț cu nasturi. Model drept și strâns pe picioare.', 'barbati', 'casual', 'blugi', 'albastru', 0),
(91, 'Tapered Jeans', 130, 'denim', 'b-blugi10', 'Jeans confecționați din denim elastic prespălat de bumbac, cu cinci buzunare, cu talie normală, cu șliț cu fermoar și cu nasture. Model conic pe picioare, cu tur lăsat. Bumbacul din compoziție este parțial reciclat.', 'barbati', 'casual', 'blugi', 'albastru', 0),
(96, 'Hanorac', 90, 'bumbac', 'b-bluze1', 'Hanorac confecționat din molton moale, cu glugă cu dublură și cu șnur, cu mâneci lungi, cu buzunar tip marsupiu și cu bordură reiată la manșete și la bază. Moale și flaușat la interior.', 'barbati', 'sport', 'bluze', 'verde', 9),
(97, 'Bluza de molton', 40, 'bumbac', 'b-bluze2', 'Bluză confecționată din molton moale, cu umerii căzuți, cu bordură reiată la răscroiala gâtului, la manșete și la bază. Moale și flaușată la interior. Croială ușor mai lejeră.', 'barbati', 'casual', 'bluze', 'roz', 12),
(98, 'Hanorac', 90, 'bumbac', 'b-bluze3', 'Hanorac de molton cu secțiune de culoare contrastantă în față, cu glugă cu dublură de jerseu și cu șnur. Buzunar tip marsupiu și bordură reiată la manșete și la bază. Moale și flaușat la interior.', 'barbati', 'sport', 'bluze', 'negru', 0),
(99, 'Hanorac cu motiv', 100, 'bumbac', 'b-bluze4', 'Hanorac confecționat din molton cu motiv, cu glugă cu dublură de jerseu și cu șnur, cu mâneci lungi, cu buzunar tip marsupiu și cu bordură reiată la manșete și la bază. Moale și flaușat la interior.', 'barbati', 'sport', 'bluze', 'maro', 0),
(100, 'Hanorac', 120, 'bumbac', 'b-bluze5', 'Hanorac confecționat din molton moale, cu glugă cu dublură și cu șnur, cu mâneci lungi, cu buzunar tip marsupiu și cu bordură reiată la manșete și la bază. Moale și flaușat la interior.', 'barbati', 'sport', 'bluze', 'verde', 0),
(101, 'Bluză de molton', 50, 'poliester', 'b-bluze6', 'Bluză confecționată din molton moale, cu umerii căzuți, cu bordură reiată la răscroiala gâtului, la manșete și la bază. Moale și flaușată la interior. Croială ușor mai lejeră.', 'barbati', 'casual', 'bluze', 'galben', 1),
(102, 'Jachetă vătuită cu glugă', 140, 'poliester', 'b-bluze7', 'Jachetă de sport din jerseu gros, cu fermoar pe toată lungimea în față, cu glugă cu dublură de plasă și cu șnur elastic. Buzunar cu fermoar ascuns la piept, buzunare laterale, bordură reiată la manșete și elastic îngust la bază.', 'barbati', 'sport', 'bluze', 'alb', 0),
(103, 'Hanorac cu imprimeu', 130, 'bumbac', 'b-bluze8', 'Hanorac confecționat din molton moale cu imprimeu, cu mâneci lungi, cu glugă în strat dublu, cu șnur și petrecută în față. Buzunar tip marsupiu și bordură reiată la manșete și la bază. Moale și flaușat la interior.', 'barbati', 'sport', 'bluze', 'portocaliu', 0),
(104, 'Bluză cu glugă și imprimeu', 120, 'bumbac', 'b-bluze9', 'Bluză confecționată din molton cu imprimeu, cu glugă cu dublură și cu șnur, cu bordură reiată la manșete și la bază. Moale și flaușată la interior.', 'barbati', 'sport', 'bluze', 'rosu', 0),
(105, 'Hanorac', 130, 'bumbac', 'b-bluze10', 'Hanorac confecționat din molton moale, cu glugă în strat dublu, cu șnur și petrecută în față, cu mâneci lungi. Buzunar tip marsupiu și bordură reiată la manșete și la bază.', 'barbati', 'sport', 'bluze', 'galben', 0),
(106, 'Cămașă cu in Regular Fit', 100, 'in', 'b-camasi1', 'Cămașă din țesătură de in și bumbac, cu guler răsfrânt, cu fentă clasică cu nasturi în față și cu platcă la spate. Mâneci lungi cu manșete reglabile cu nasturi. Rotunjită la bază. Croială standard – linie clasică ce conferă libertate de mișcare și ușor ajustată în talie pentru confort și o siluetă elegantă.', 'barbati', 'casual', 'camasi', 'albastru', 1),
(107, 'Cămașă tip tunică Regular Fit', 100, 'bumbac', 'b-camasi2', 'Cămașă din țesătură de in și bumbac, cu guler tip tunică, cu fentă clasică cu nasturi în față, cu buzunare cu clapă și nasture la piept și cu platcă la spate. Mâneci lungi cu manșete reglabile cu nasturi, linie ușor rotunjită la bază. Croială standard – linie clasică ce conferă libertate de mișcare și ușor ajustată în talie pentru confort și o siluetă elegantă.', 'barbati', 'bussines', 'camasi', 'negru', 2),
(108, 'Cămașă de bumbac Regular Fit', 50, 'bumbac', 'b-camasi3', 'Cămașă din țesătură de bumbac, cu mâneci scurte, cu guler răsfrânt, cu fentă clasică cu nasturi în față. Buzunar la piept, platcă la spate, linie rotunjită la bază. Croială standard – ce conferă libertate de mișcare și ușor ajustată în talie pentru confort și o siluetă elegantă.', 'barbati', 'festival', 'camasi', 'albastru', 0),
(109, 'Cămașă cu motive', 69, 'bumbac', 'b-camasi4', 'Cămașă din țesătură de viscoză cu motive, cu mâneci scurte, cu guler în V, cu fentă clasică cu nasturi în față și cu buzunar fără închizători la piept. Croială dreaptă la bază, cu fente pe laterale.', 'barbati', 'festival', 'camasi', 'alb', 1),
(110, 'Cămașă Slim Fit', 120, 'bumbac', 'b-camasi5', 'Cămașă din țesătură cu finisaj ușor de călcat, cu guler răsfrânt și cu fentă clasică cu nasturi în față. Mâneci lungi cu manșete înguste reglabile cu nasturi, pense și platcă la spate. Linie rotunjită la bază. Croială ajustată pe corp, îngustă la umeri și cambrată în talie pentru a evidenția silueta.', 'barbati', 'bal', 'camasi', 'mov', 0),
(111, 'Cămașă Slim Fit', 60, 'bumbac', 'b-camasi6', 'Cămașă din țesătură cu finisaj ușor de călcat, cu guler răsfrânt și cu fentă clasică cu nasturi în față. Mâneci lungi cu manșete înguste reglabile cu nasturi, pense și platcă la spate. Linie rotunjită la bază. Croială ajustată pe corp, îngustă la umeri și cambrată în talie pentru a evidenția silueta.', 'barbati', 'bussines', 'camasi', 'negru', 0),
(112, 'Cămașă tip tunică Regular fit', 90, 'bumbac', 'b-camasi7', 'Cămașă din țesătură de bumbac, cu guler tip tunică, cu fentă clasică cu nasturi în față și cu buzunar fără închizători la piept. Mâneci lungi cu manșete, platcă la spate, linie rotunjită la bază. Croială clasică ce conferă libertate de mișcare, ușor cambrată în talie pentru confort și o siluetă elegantă.', 'barbati', 'casual', 'camasi', 'albastru', 0),
(113, 'Cămașă de bumbac Regular Fit', 60, 'bumbac', 'b-camasi8', 'Cămașă din țesătură de bumbac, cu mâneci scurte, cu guler răsfrânt, cu fentă clasică cu nasturi în față. Buzunar la piept, platcă la spate, linie rotunjită la bază. Croială standard – ce conferă libertate de mișcare și ușor ajustată în talie pentru confort și o siluetă elegantă.', 'barbati', 'festival', 'camasi', 'albastru', 1),
(114, 'Cămașă Slim', 80, 'bumbac', 'b-camasi9', 'Cămașă din țesătură cu finisaj ușor de călcat, cu guler răsfrânt și cu fentă clasică cu nasturi în față. Mâneci lungi cu manșete înguste reglabile cu nasturi, pense și platcă la spate. Linie rotunjită la bază. Croială ajustată pe corp, îngustă la umeri și cambrată în talie pentru a evidenția silueta.', 'barbati', 'casual', 'camasi', 'verde', 0),
(115, 'Cămașă în V cu motive', 60, 'viscoza', 'b-camasi10', 'Cămașă din țesătură de viscoză cu motive, cu mâneci scurte, cu guler în V, cu fentă clasică cu nasturi în față. Croială dreaptă la bază, cu fente pe laterale.', 'barbati', 'festival', 'camasi', 'verde', 0),
(116, 'Jachetă-hanorac cu glugă', 130, 'poliester', 'b-jachete1', 'Jachetă-hanorac din țesătură, cu glugă cu șnur, cu fermoar în partea de sus, cu buzunar mare în față și cu fermoar ascuns. Elastic la manșete. Căptușeală de plasă.', 'barbati', 'sport', 'jachete', 'negru', 1),
(117, 'Jachetă motociclist', 220, 'poliester', 'b-jachete2', 'Jachetă de motociclist cu fermoar diagonal pe toată lungimea în față, cu revere crestate cu capse. Buzunar diagonal cu fermoar la piept, buzunare laterale cu fermoar, un buzunar interior, mâneci lungi cu fermoar la manșete. Căptușită.', 'barbati', 'sport', 'jachete', 'negru', 0),
(118, 'Jachetă de denim', 160, 'denim', 'b-jachete3', 'Jachetă confecționată din denim prespălat, cu guler, cu nasturi pe toată lungimea în față. Buzunare cu clapă și nasture la piept, buzunare laterale cu refileți, nasturi la manșete, baretă reglabilă cu nasture pe laterale.', 'barbati', 'casual', 'jachete', 'albastru', 12),
(119, 'Jachetă de aviator de nailon', 130, 'poliamida', 'b-jachete4', 'Jachetă de aviator din țesătură din amestec de nailon, cu guler ridicat reiat, cu fermoar pe toată lungimea în față. Un buzunar interior cu capsă, buzunare în cusăturile laterale, un buzunar cu fermoar la piept și bordură reiată la manșete și la bază. Căptușită.', 'barbati', 'casual', 'jachete', 'maro', 0),
(120, 'Jachetă-hanorac cu glugă', 130, 'poliester', 'b-jachete5', 'Jachetă-hanorac din țesătură, cu glugă cu șnur, cu fermoar în partea de sus, cu buzunar mare în față și cu fermoar ascuns. Elastic la manșete. Căptușeală de plasă.', 'barbati', 'sport', 'jachete', 'galben', 0),
(121, 'Jachetă de motociclist', 230, 'poliester', 'b-jachete6', 'Jachetă din imitație de piele întoarsă, cu secțiuni matlasate, cu guler ridicat mic cu baretă și cu capsă, cu fermoar pe toată lungimea în față. Buzunar cu fermoar la piept, buzunare laterale cu fermoar și un buzunar interior. Căptușită.', 'barbati', 'sport', 'jachete', 'maro', 0),
(122, 'Jachetă de denim', 230, 'bumbac', 'b-jachete7', 'Jachetă din denim prespălat de bumbac, cu detalii cu aspect ușor uzat, cu guler, cu nasturi pe toată lungimea în față, cu mâneci lungi cu nasturi la manșete. Buzunare cu clapă și nasture la piept, buzunare laterale, baretă reglabilă pe laterale la bază. Căptușeală din blană de miel artificială.', 'barbati', 'sport', 'jachete', 'albastru', 3),
(123, 'Jachetă cu guler ridicat', 160, 'poliester', 'b-jachete8', 'Jachetă scurtă, vătuită, din țesătură, cu guler ridicat și reiat la interior, cu fermoar pe toată lungimea în față. Buzunare laterale cu fermoar, buzunar interior cu capsă, manșete reglabile cu nasturi și bordură reiată la bază. Umplutură de poliester. Căptușită.', 'barbati', 'casual', 'jachete', 'negru', 0),
(125, 'Pardesiu funcțional', 230, 'poliester', 'b-jachete10', 'Pardesiu funcțional drept, până la genunchi, din țesătură groasă, cu guler, cu nasturi pe toată lungimea în față, cu buzunare laterale și cu două buzunare interioare cu nasture. Baretă reglabilă și nasturi la manșete și șliț la spate. Căptușită.', 'barbati', 'bussines', 'jachete', 'negru', 0),
(126, 'Pantaloni de in Relaxed Fit', 130, 'in', 'b-pantaloni1', 'Pantaloni confecționați din in prespălat, cu croială lejeră, cu elastic îmbrăcat și șnur în talie, cu șliț cu fermoar și închizătoare cu copci. Buzunare laterale, buzunar cu refileți la spate. Model conic pe picioare.', 'barbati', 'casual', 'pantaloni', 'bej', 0),
(127, 'Pantaloni de sport', 90, 'poliester', 'b-pantaloni2', 'Pantaloni de sport din țesătură cu uscare rapidă, confecționată din poliester reciclat, cu elastic și cu șnur în talie, cu buzunare în cusăturile laterale. Model conic pe picioare, cu bordură reiată la tiv. Croială standard.', 'barbati', 'sport', 'pantaloni', 'albastru', 0),
(129, 'Pantaloni scurți de denim Slim', 100, 'denim', 'b-pantaloni4', 'Pantaloni scurți din denim elastic prespălat de bumbac, cu cinci buzunare, cu talie normală, cu șliț cu fermoar și cu nasture. Model strâns pe picioare, până deasupra genunchilor. Bumbacul din compoziție este parțial reciclat.', 'barbati', 'casual', 'pantaloni', 'albastru', 0),
(130, 'Pantaloni scurți cu in', 100, 'in', 'b-pantaloni5', 'Pantaloni scurți cargo din țesătură de bumbac și in, cu elastic îmbrăcat și cu șnur în talie. Buzunare în față și la spate, buzunare cu clapă și capse ascunse pe picioare.', 'barbati', 'casual', 'pantaloni', 'bej', 0),
(132, 'Pantaloni de costum Slim Fit', 140, 'in', 'b-pantaloni7', 'Pantaloni de costum din țesătură subțire de in și bumbac, cu elastic în talie, cu șliț cu fermoar și cu închizătoare cu copci. Buzunare laterale diagonale și buzunare cu refileți la spate. Croială ajustată, mai strânsă în zona coapselor, genunchilor și gleznelor pentru a evidenția silueta.', 'barbati', 'business', 'pantaloni', 'albastru', 0),
(133, 'Pantaloni Super Skinny fit', 130, 'poliester', 'b-pantaloni8', 'Pantaloni de costum din țesătură elastică, cu închizătoare cu copci ascunsă, cu șliț cu fermoar. Buzunare laterale diagonale, buzunare cu refileți la spate. Croială foarte ajustată, ușor mai scurtă pe picioare și mai strânsă pe coapse, la genunchi și la glezne pentru o siluetă sveltă.', 'barbati', 'bal', 'pantaloni', 'albastru', 0),
(134, 'Pantaloni de costum Slim fit', 130, 'poliester', 'b-pantaloni9', 'Pantaloni de costum din țesătură, cu închizătoare cu copci ascunsă, cu șliț cu fermoar. Buzunare laterale, buzunare cu refileți la spate, dungă pe picioare. Croială ajustată, mai strânsă în zona coapselor, genunchilor și gleznelor pentru a evidenția silueta.', 'barbati', 'business', 'pantaloni', 'negru', 0),
(135, 'Pantaloni de costum Skinny Fit', 130, 'poliester', 'b-pantaloni10', 'Pantaloni de costum din țesătură elastică de bumbac, cu șliț cu fermoar și cu nasture. Buzunare laterale, buzunare cu refileți și cu nasture la spate. Croială foarte ajustată, ușor mai scurtă pe picioare și mai strânsă pe coapse, la genunchi și la glezne pentru o siluetă sveltă.', 'barbati', 'business', 'pantaloni', 'bej', 0),
(136, 'Skinny Fit Jeans', 40, 'denim', 'c-blugi1', 'Jeans confecționați din denim elastic prespălat, cu elastic reglabil în talie (în cazul mărimilor 134-152), cu șliț cu fermoar și cu nasture, cu buzunare false în față și cu buzunare adevărate la spate. Model strâns pe corp și îngust la tiv.', 'copii', 'casual', 'blugi', 'albastru', 0),
(137, 'Skinny Fit Jeans', 40, 'denim', 'c-blugi2', 'Jeans confecționați din denim elastic prespălat, cu elastic reglabil în talie (în cazul mărimilor 134-152), cu șliț cu fermoar și cu nasture, cu buzunare false în față și cu buzunare adevărate la spate. Model strâns pe corp și îngust la tiv.', 'copii', 'casual', 'blugi', 'albastru', 0),
(138, 'Skinny Fit Jeans', 100, 'denim', 'c-blugi3', 'Jeans confecționați din denim elastic prespălat, cu imprimeu pe întreaga suprafață, cu elastic reglabil în talie (în cazul mărimilor 134-152), cu șliț cu fermoar și cu nasture, cu buzunare false în față și cu buzunare adevărate la spate. Model strâns pe corp și îngust la tiv.', 'copii', 'casual', 'blugi', 'albastru', 0),
(139, 'Skinny Fit High Jeans', 90, 'bumbac', 'c-blugi4', 'Jeans confecționați din denim elastic prespălat, cu elastic reglabil în talie (în cazul mărimilor 134-152). Buzunare false în față și buzunare adevărate la spate. Model cu talie înaltă, strâns pe corp și îngust la tiv.', 'copii', 'casual', 'blugi', 'albastru', 0),
(140, 'Șort Super Soft Slim Fit', 90, 'bumbac', 'c-blugi6', 'Pantaloni scurți până la genunchi, confecționați din denim elastic foarte moale, cu cinci buzunare, cu elastic reglabil cu șnur decorativ în talie, cu șliț fals cu nasture. Margini răsfrânte și cusute la tiv. Model strâns pe picioare.', 'copii', 'sport', 'blugi', 'albastru', 0),
(141, 'Skinny Fit Ankle Jeans', 100, 'denim', 'c-blugi7', 'Jeans confecționați din denim elastic prespălat, cu detalii cu aspect uzat care sunt peticite la interior, cu cinci buzunare, cu elastic reglabil în talie, cu șliț cu fermoar. Model până la gleznă, îngust la tiv.', 'copii', 'casual', 'blugi', 'albastru', 0),
(142, 'Skinny Fit Jeans', 40, 'denim', 'c-blugi8', 'Jeans de denim elastic prespălat, cu elastic reglabil în talie (în cazul mărimilor 134-152), cu șliț cu fermoar și nasture, cu buzunare în față și la spate și cu tiv îngust. Model strâns pe corp.', 'copii', 'casual', 'blugi', 'negru', 0),
(143, 'Comfort Stretch Slim fit Jeans', 70, 'denim', 'c-blugi9', 'Jeans confecționați din denim elastic prespălat, flexibil, pentru confort optim, cu cinci buzunare, cu elastic reglabil în talie, cu șliț cu fermoar și cu nasture. Croială strânsă pe corp și dreaptă la tiv.', 'copii', 'casual', 'blugi', 'albastru', 0),
(144, 'Skinny Fit Trashed Jeans', 130, 'bumbac', 'c-blugi10', 'Jeans confecționați din denim superelastic prespălat, flexibil, pentru un plus de confort, cu detalii cu aspect foarte uzat aplicate pe interior, cu cinci buzunare, cu elastic reglabil în talie, cu șliț cu fermoar și nasture. Croială strânsă pe corp și îngustă la tiv.', 'copii', 'casual', 'blugi', 'albastru', 0),
(145, 'Salopetă scurtă cu capă', 90, 'poliester', 'c-salopete1', 'Salopetă scurtă din țesătură cu motive, cu bretele înguste și cu elastic în partea de sus. Cusătură elastică în talie și capă lungă și cusută, cu croială asimetrică.', 'copii', 'casual', 'salopete', 'alb', 0),
(146, 'Salopetă cu cordon', 90, 'bumba', 'c-salopete2', 'Salopetă până la gambă, din țesătură vaporoasă de viscoză cu motive, cu deschizătură și nasture în spatele gâtului. Mâneci scurte cu bordură cu volane, cusătură îngustă cu elastic și cordon cusut în talie, buzunare laterale diagonale. Model drept pe picioare.', 'copii', 'cocktail', 'salopete', 'albastru', 0),
(147, 'Salopetă scurtă cu motive', 60, 'vascoza', 'c-salopete3', 'Salopetă scurtă fără mâneci, din țesătură de viscoză cu motive, cu elastic la răscroiala gâtului și cu șnururi decorative în față. Cusătură cu elastic ascuns în talie, buzunare laterale, bordură festonată la tiv.', 'copii', 'casual', 'salopete', 'albastru', 0),
(148, 'Salopetă cu platcă de dantelă', 130, 'vascoza', 'c-salopete4', 'Salopetă până la gambă, din țesătură de viscoză, cu platcă și cu mâneci scurte de dantelă. Deschizătură și nasture în spatele gâtului, cusătură cu elastic îngust în talie și cordon cusut, buzunare laterale.', 'copii', 'festival', 'salopete', 'albastru', 0),
(149, 'Salopetă cu umerii goi', 90, 'vascoza', 'c-salopete5', 'Salopetă cu umerii goi, din țesătură subțire de viscoză, cu elastic îngust și volan lat în partea de sus, cu cusătură elastică îngustă în talie, cu buzunare laterale.', 'copii', 'sport', 'salopete', 'negru', 0),
(150, 'Salopetă cu cordon', 90, 'bumbac', 'c-salopete6', 'Salopetă până la gambă, din țesătură vaporoasă de viscoză cu motive, cu deschizătură și nasture în spatele gâtului. Mâneci scurte cu bordură cu volane, cusătură îngustă cu elastic și cordon cusut în talie, buzunare laterale diagonale. Model drept pe picioare.', 'copii', 'cocktail', 'salopete', 'negru', 0),
(151, 'Salopetă cu umerii goi', 60, 'vascoza', 'c-salopete7', 'Salopetă scurtă cu umerii goi, confecționată din țesătură vaporoasă de viscoză, cu elastic și volan lat în partea de sus. Bretele foarte înguste, reglabile, cusătură elastică în talie și buzunare laterale.', 'copii', 'festival', 'salopete', 'albastru', 0),
(152, 'Salopetă scurtă de șifon', 90, 'sifon', 'c-salopete8', 'Salopetă scurtă confecționată din șifon vaporos creponat, cu deschizătură și nasture îmbrăcat în spatele gâtului. Elastic ascuns și cordon detașabil în talie, mâneci-trompetă trei sferturi cu două volane la manșete. Căptușită.', 'copii', 'cocktail', 'salopete', 'roz', 0),
(153, '\r\nSalopetă strălucitoare', 100, 'poliester', 'c-salopete9', 'Salopetă mai scurtă, cu pliuri, confecționată din jerseu vaporos și strălucitor, cu margine nefinisată. Deschizătură și nasture în spatele gâtului, cu strat suplimentar lejer în partea de sus. Model drept și larg pe picioare. Căptușeală de jerseu.', 'copii', 'bal', 'salopete', 'roz', 0),
(154, 'Salopetă de bumbac', 100, 'bumbac', 'c-salopete10', 'Salopetă din țesătură de bumbac, cu mâneci lungi, cu guler și cu nasturi în față. Buzunare fără închizători la piept, buzunare laterale diagonale și cusătură elastică cu cordon detașabil în talie. Model ușor conic pe picioare, cu elastic la tiv.', 'copii', 'casual', 'salopete', 'verde', 0),
(155, 'Bluză cu umerii goi', 50, 'poliester', 'c-bluze1', 'Bluză cu umerii goi, confecționată din șifon vaporos, cu bretele înguste, cu mâneci trompetă trei sferturi și cu elastic la umeri. Parțial căptușită cu jerseu.', 'copii', 'casual', 'bluze', 'roz', 2),
(156, 'Cardigan tricotat fin', 60, 'bumbac', 'c-bluze2', 'Cardigan tricotat cu ochiuri mărunte, din fir moale de bumbac, cu nasturi pe toată lungimea în față, cu decolteu rotund și cu bordură reiată la răscroiala gâtului, la manșete și la bază.', 'copii', 'casual', 'bluze', 'bej', 4),
(157, 'Bluză reiată', 40, 'bumbac', 'c-bluze3', 'Bluză mai scurtă confecționată din jerseu reiat, cu bordură îngustă la răscroiala gâtului. Mâneci lungi cu elastic și cu imprimeu text la bază.', 'copii', 'sport', 'bluze', 'negru', 0),
(158, 'Bluză de molton cu croi pătrat', 60, 'bumbac', 'c-bluze4', 'Bluză confecționată din molton moale cu imprimeu, cu guler ridicat reiat, cu fermoar în partea de sus. Umerii căzuți, mâneci lungi și bordură reiată la manșete și la bază. Croială pătrată. Moale și flaușată la interior.', 'copii', 'sport', 'bluze', 'verde', 0),
(159, 'Bluză cu glugă și cu imprimeu', 80, 'poliester', 'c-bluze5', 'Bluză confecționată din molton ușor cu imprimeu, cu glugă petrecută în față, cu umerii căzuți, cu mâneci lungi și cu bordură reiată la manșete și la bază.', 'copii', 'sport', 'bluze', 'verde', 0),
(160, 'Hanorac', 60, 'bumbac', 'c-bluze6', 'Hanorac de molton, cu glugă cu dublură, cu fermoar pe toată lungimea în față, cu buzunare în față și cu bordură reiată la manșete și la bază. Ușor flaușat la interior. Bumbacul din compoziție este ecologic.', 'copii', 'sport', 'bluze', 'bej', 7),
(161, 'Bluză de molton', 40, 'bumbac', 'c-bluze7', 'Bluză de molton din amestec de bumbac ecologic, cu mâneci lungi, cu bordură reiată la răscroiala gâtului, la manșete și la bază. Ușor flaușată la interior.', 'copii', 'casual', 'bluze', 'albastru', 0),
(162, 'Bluză de molton cu imprimeu', 60, 'bumbac', 'c-bluze9', 'Bluză confecționată din molton moale cu imprimeu, cu umerii căzuți, cu mâneci lungi și cu bordură reiată la răscroiala gâtului, la manșete și la bază. Moale și flaușată la interior.', 'copii', 'casual', 'bluze', 'galben', 0),
(163, 'Bluză de molton cu imprimeu', 60, 'bumbac', 'c-bluze8', 'Bluză confecționată din molton moale cu imprimeu, cu umerii căzuți, cu mâneci lungi și cu bordură reiată la răscroiala gâtului, la manșete și la bază. Moale și flaușată la interior.', 'copii', 'casual', 'bluze', 'alb', 0),
(164, 'Bluză de molton în culori bloc', 80, 'bumbac', 'c-bluze10', 'Bluză confecționată din molton, în culori bloc, cu guler ridicat reiat, cu fermoar în partea de sus. Bordură reiată la manșete și fente scurte pe laterale.', 'copii', 'casual', 'bluze', 'negru', 0),
(165, 'Fustă cu volane suprapuse', 25, 'bumbac', 'c-fuste3', 'Fustă cu volane suprapuse, din jerseu moale de bumbac ecologic cu imprimeu, cu elastic în talie.', 'copii', 'casual', 'fuste', 'alb', 4),
(166, 'Fustă de bumbac', 40, 'bumbac', 'c-fuste4', 'Fustă din țesătură vaporoasă de bumbac, cu fronseuri în talie. Necăptușită.', 'copii', 'sport', 'fuste', 'albastru', 0),
(167, 'Fustă cu broderie englezească', 60, 'bumbac', 'c-fuste5', 'Fustă din țesătură de bumbac, cu broderie englezească și cu elastic în talie. Căptușită.', 'copii', 'bal', 'fuste', 'negru', 14),
(168, 'Fustă cu broderie englezească', 60, 'bumbac', 'c-fuste5', 'Fustă din țesătură de bumbac, cu broderie englezească și cu elastic în talie. Căptușită.', 'copii', 'bal', 'fuste', 'negru', 1),
(169, 'Fustă cu broderie englezească', 60, 'bumbac', 'c-fuste6', 'Fustă din țesătură de bumbac, cu broderie englezească și cu elastic în talie. Căptușită.', 'copii', 'bal', 'fuste', 'rosu', 1),
(170, 'Fustă de tul ', 50, 'poliester', 'c-fuste7', 'Fustă confecționată din tul cu imprimeu strălucitor, cu betelie elastică strălucitoare și cu fundă cusută. Căptușită.', 'copii', 'casual', 'fuste', 'roz', 0),
(171, 'Fustă de tul ', 50, 'poliester', 'c-fuste8', 'Fustă confecționată din tul cu imprimeu strălucitor, cu betelie elastică strălucitoare și cu fundă cusută. Căptușită.', 'copii', 'casual', 'fuste', 'verde', 0),
(172, 'Fustă de tul ', 50, 'poliester', 'c-fuste9', 'Fustă confecționată din tul cu imprimeu strălucitor, cu betelie elastică strălucitoare și cu fundă cusută. Căptușită.', 'copii', 'casual', 'fuste', 'roz', 0),
(173, 'Fustă de jerseu evazată', 60, 'poliester', 'c-fuste10', 'Fustă evazată de jerseu, cu elastic în talie, cu bordură cu volănaș și margine surfilată în partea de sus și cusătură de surfilare la bază. Necăptușită.', 'copii', 'casual', 'fuste', 'galben', 0),
(174, 'Tricou cu imprimeu', 40, 'bumbac', 'c-tricouri1', 'Tricou cu croială dreaptă, din jerseu moale de bumbac cu imprimeu, cu bordură îngustă la răscroiala gâtului.', 'copii', 'casual', 'tricouri', 'albastru', 0),
(175, 'Tricou polo', 30, 'bumbac', 'c-tricouri2', 'Tricou polo confecționat din bumbac piqué, cu mâneci scurte, cu guler reiat, cu fentă cu nasturi, cu broderie mică la piept și cu fente scurte pe laterale. Ușor mai lung la spate.', 'copii', 'business', 'tricouri', 'albastru', 0),
(176, '\r\nTricou cu imprimeu', 40, 'bumbac', 'c-tricouri3', 'Tricou din jerseu moale de bumbac, cu imprimeu.', 'copii', 'casual', 'tricouri', 'alb', 0),
(177, '\r\nTricou cu imprimeu', 30, 'bumbac', 'c-tricouri4', 'Tricou din jerseu moale de bumbac, cu imprimeu și cu bordură reiată la răscroiala gâtului.', 'copii', 'sport', 'tricouri', 'albastru', 0),
(178, 'Tricou cu motiv', 50, 'bumbac', 'c-tricouri5', 'Tricou din jerseu de bumbac cu motiv.', 'copii', 'casual', 'tricouri', 'alb', 0),
(179, 'Tricou cu motiv', 50, 'bumbac', 'c-tricouri6', 'Tricou din jerseu de bumbac cu motiv.', 'copii', 'festival', 'tricouri', 'negru', 0),
(180, 'Tricou de fotbal', 30, 'poliester', 'c-tricouri7', 'Tricou de fotbal din material funcțional cu uscare rapidă, cu imprimeu în față și la spate. Mâneci raglan scurte cu margine în strat dublu de culoare contrastantă.', 'copii', 'sport', 'tricouri', 'alb', 0),
(181, '\r\nTricou cu paiete reversibile', 50, 'bumbac', 'c-tricouri8', 'Tricou din jerseu moale de bumbac, cu imprimeu text și cu motiv cu paiete reversibile în față. Croială ușor rotunjită la bază.', 'copii', 'festival', 'tricouri', 'alb', 0),
(182, 'Tricou de jerseu cu flameuri', 25, 'bumbac', 'c-tricouri9', 'Tricou din jerseu moale de bumbac ecologic cu flameuri, cu mâneci scurte cu margini răsfrânte și cusute.', 'copii', 'casual', 'tricouri', 'negru', 0),
(183, 'Tricou reiat', 25, 'bumbac', 'c-tricouri10', 'Tricou din jerseu moale reiat, cu bordură îngustă la răscroiala gâtului și cu margini surfilate.', 'copii', 'sport', 'tricouri', 'mov', 0),
(184, 'Pantaloni cu pliuri în talie', 60, 'viscoza', 'c-pantaloni1', 'Pantaloni din țesătură vaporoasă de viscoză, cu talie înaltă cu elastic, cu pliuri și cu cordon detașabil, cu buzunare laterale diagonale. Model conic pe picioare.', 'copii', 'casual', 'pantaloni', 'maro', 0),
(185, 'Pantaloni cu pliuri în talie', 60, 'viscoza', 'c-pantaloni2', 'Pantaloni din țesătură vaporoasă de viscoză, cu talie înaltă cu elastic, cu pliuri și cu cordon detașabil, cu buzunare laterale diagonale. Model conic pe picioare.', 'copii', 'casual', 'pantaloni', 'negru', 3),
(186, 'Pantaloni culotte', 50, 'viscoza', 'c-pantaloni3', 'Pantaloni până la gleznă, din țesătură vaporoasă de viscoză, cu elastic îmbrăcat, cu volănaș și fundă decorativă în talie și cu buzunare laterale. Model drept și larg pe picioare.', 'copii', 'sport', 'pantaloni', 'portocaliu', 0),
(187, 'Pantaloni culotte', 50, 'viscoza', 'c-pantaloni4', 'Pantaloni până la gleznă, din țesătură vaporoasă de viscoză, cu elastic îmbrăcat, cu volănaș și fundă decorativă în talie și cu buzunare laterale. Model drept și larg pe picioare.', 'copii', 'sport', 'pantaloni', 'verde', 0),
(188, 'Colanți reiați', 60, 'bumbac', 'c-pantaloni5', 'Colanți din jerseu reiat de bumbac, cu betelie elastică cu imprimeu text.', 'copii', 'sport', 'pantaloni', 'negru', 0);
INSERT INTO `produse` (`id_produs`, `nume`, `pret`, `material`, `imagine`, `descriere`, `gen`, `tip`, `categorie`, `culoare`, `nr_accesari`) VALUES
(189, 'Pantaloni chino Skinny Fit', 110, 'bumbac', 'c-pantaloni6', 'Pantaloni chino din twill elastic prespălat, de bumbac, cu elastic reglabil în talie, cu șliț cu fermoar. Buzunare laterale, buzunare false la spate. Model strâns pe corp și îngust la tiv.', 'copii', 'casual', 'pantaloni', 'bej', 0),
(190, 'Pantaloni tip jogging', 80, 'bumbac', 'c-pantaloni7', 'Pantaloni tip jogging din țesătură de bumbac, cu elastic și șnur în talie, cu șliț fals. Buzunare aplicate în față, buzunare cu nasture la spate. Model ușor conic pe picioare.', 'copii', 'sport', 'pantaloni', 'verde', 0),
(191, 'Pantaloni cu elastic în talie', 70, 'bumbac', 'c-pantaloni8', 'Pantaloni din țesătură moale cu elastic și cu șnur în talie, cu șliț cu fermoar și cu nasture, cu buzunare laterale, cu buzunare false la spate. Model ușor conic pe picioare.', 'copii', 'sport', 'pantaloni', 'albastru', 0),
(192, 'Pantaloni jogging Super Soft', 100, 'bumbac', 'c-pantaloni9', 'Pantaloni tip jogging de denim elastic foarte moale, cu elastic și cu șiret în talie, cu șliț fals cu nasture. Buzunare în față și la spate. Model conic pe picioare.', 'copii', 'sport', 'pantaloni', 'albastru', 1),
(193, 'Pantaloni tip jogging', 60, 'bumbac', 'c-pantaloni10', 'Pantaloni tip jogging din jerseu subțire și ușor din amestec de bumbac ecologic, cu elastic și cu șnur în talie, cu buzunare în cusăturile laterale și cu bordură reiată la tiv.', 'copii', 'sport', 'pantaloni', 'negru', 0),
(194, 'Rochie de tul cu paiete', 140, 'poliester', 'c-rochii1', 'Rochie fără mâneci, confecționată din tul cu paiete, cu fermoar ascuns la spate, cu cusătură în talie. Fusta evazată, în strat dublu de tul. Căptușeală de jerseu.', 'copii', 'bal', 'rochii', 'roz', 15),
(195, 'Set de jerse, 2 piese', 60, 'vascoza', 'c-rochii2', 'Set cu rochie fără mâneci și bluză din jerseu moale. Rochie în formă de A cu bretele înguste. Bluză cu mâneci scurte cu margine surfilată.', 'copii', 'festival', 'rochii', 'negru', 2),
(196, 'Rochie de jerseu cu nod', 60, 'poliester', 'c-rochii3', 'Rochie fără mâneci, confecționată din jerseu moale creponat, cu benzi care se leagă în față și cu cusătură elastică în talie. Necăptușită.', 'copii', 'cocktail', 'rochii', 'roz', 5),
(197, 'Rochie-tricou', 40, 'bumbac', 'c-rochii4', 'Rochie din jerseu moale de bumbac ecologic, cu elastic și cu șnur în talie, cu mâneci scurte.', 'copii', 'sport', 'rochii', 'negru', 0),
(198, 'Rochie de tul strălucitor', 90, 'poliester', 'c-rochii5', 'Rochie de tul cu motiv strălucitor, cu mâneci lungi, cu guler ridicat mic și cu deschizătură mică cu nasture în spatele gâtului. Elastic și volan la manșete, cusătură pe coapse și fusta evazată. Căptușeală de jerseu.', 'copii', 'bal', 'rochii', 'alb', 0),
(199, 'Rochie de velur strălucitor', 90, 'catifea', 'c-rochii6', 'Rochie confecționată din velur elastic strălucitor, cu mâneci scurte, cu cusătură în talie și cu fusta ușor evazată.', 'copii', 'bal', 'rochii', 'negru', 0),
(200, 'Rochie de șifon', 90, 'sifon', 'c-rochii7', 'Rochie confecționată din șifon ușor drapat cu motive, cu deschizătură și nasture în spatele gâtului, cu mâneci lungi cu fronseuri la manșete. Cusătură cu încrețituri în talie, pentru amploare și drapaj ușor. Căptușită.', 'copii', 'cocktail', 'rochii', 'roz', 1),
(201, 'Rochie-cămașă cu curea', 90, 'vascoza', 'c-rochii8', 'Rochie din țesătură moale de viscoză, cu guler, cu nasturi pe toată lungimea în față, cu platcă cu pliu la spate și cu cordon detașabil. Buzunare în cusăturile laterale, mâneci lungi cu nasturi la manșete și baretă cu nasture. Croială rotunjită la bază, ușor mai lungă la spate.', 'copii', 'casual', 'rochii', 'negru', 0),
(202, 'Rochie de dantelă', 140, 'dantela', 'c-rochii9', 'Rochie confecționată din dantelă, cu decolteu ușor în V, cu bretele înguste și cu bordură de dantelă în partea de sus. Fermoar ascuns la spate, cusătură încrețită în talie și fusta evazată, cu bordură festonată. Căptușeală din jerseu de bumbac.', 'copii', 'cocktail', 'rochii', 'galben', 0),
(203, 'Rochie de șifon', 100, 'sifon', 'c-rochii10', 'Rochie fără mâneci, confecționată din șifon vaporos, cu bretele înguste și cu croi în formă de T la spate. Cusătură elastică în talie și fusta asimetrică, ușor evazată. Căptușeală de jerseu.', 'copii', 'festival', 'rochii', 'verde', 0),
(204, 'Tricou de sport', 40, 'poliester', 'b-tricou1', 'Tricou cu mâneci scurte din material funcțional elastic cu uscare rapidă, care permite aerisirea, confecționat parțial din poliester reciclat.', 'barbati', 'sport', 'tricouri', 'albastru', 0),
(205, 'Tricou de alergare Regular Fit', 60, 'poliester', 'b-tricou2', 'Tricou de alergare din material funcțional cu uscare rapidă și care permite aerisirea, cu mâneci raglan scurte. Elemente reflectorizante.', 'barbati', 'sport', 'tricou', 'albastru', 0),
(206, 'Tricou de bumbac', 50, 'bumbac', 'b-tricou3', 'Tricou din jerseu moale de bumbac.', 'barbati', 'cocktail', 'tricouri', 'alb', 6),
(207, 'Tricou cu imprimeu', 60, 'bumbac', 'b-tricou4', 'Tricou drept din jerseu moale de bumbac cu imprimeu, cu bordură reiată îngustă la răscroiala gâtului.', 'barbati', 'festival', 'tricouri', 'alb', 0),
(208, 'Tricou', 40, 'bumbac', 'b-tricou5', 'Tricou de jerseu cu imprimeu, cu buzunar la piept, cu mâneci scurte cu margini răsfrânte și cusute.', 'barbati', 'casual', 'tricouri', 'negru', 0),
(209, 'Tricou', 40, 'bumbac', 'b-tricou6', 'Tricou de jerseu cu imprimeu, cu buzunar la piept, cu mâneci scurte cu margini răsfrânte și cusute.', 'barbati', 'casual', 'tricouri', 'alb', 2),
(210, 'Tricou cu imprimeu', 60, 'bumbac', 'b-tricou7', 'Tricou din jerseu moale de bumbac, cu imprimeu, cu decolteu rotund.', 'barbati', 'festival', 'tricouri', 'negru', 0),
(211, 'Tricou polo Slim Fit', 50, 'bumbac', 'b-tricou8', 'Tricou polo confecționat din jerseu elastic de bumbac, cu mâneci scurte, cu guler și cu fentă cu nasturi. Croială ajustată.', 'barbati', 'casual', 'tricouri', 'alb', 0),
(212, 'Tricou polo de bumbac', 40, 'bumbac', 'b-tricou9', 'Tricou polo confecționat din piqué de bumbac, cu guler reiat, cu fentă cu nasturi, cu mâneci scurte cu borduri reiate. Fente pe laterale.', 'barbati', 'business', 'tricouri', 'albastru', 0),
(213, 'Tricou cu imprimeu', 60, 'bumbac', 'b-tricou10', 'Tricou drept din jerseu moale de bumbac cu imprimeu, cu bordură reiată îngustă la răscroiala gâtului.', 'barbati', 'festival', 'tricouri', 'negru', 0),
(215, 'Fusta inflorata', 130, 'bumbac', 'f-fuste3', 'Fustă până la genunchi, din țesătură subțire cu motive, cu talie înaltă și încrețită și cu fermoar ascuns într-o parte. Cusătură încrețită la șolduri pentru a da amploare. Necăptușită.', 'femei', 'casual', 'fuste', 'portocaliu', 0);

-- --------------------------------------------------------

--
-- Table structure for table `produse_comanda`
--

CREATE TABLE `produse_comanda` (
  `id` int(10) NOT NULL,
  `id_comanda` int(10) NOT NULL,
  `id_produs` int(10) NOT NULL,
  `cantitate` int(10) DEFAULT NULL,
  `pret` int(10) DEFAULT NULL,
  `id_utilizator` int(10) NOT NULL,
  `marime` varchar(30) NOT NULL
) ENGINE=InnoDB DEFAULT CHARSET=utf8;

--
-- Dumping data for table `produse_comanda`
--

INSERT INTO `produse_comanda` (`id`, `id_comanda`, `id_produs`, `cantitate`, `pret`, `id_utilizator`, `marime`) VALUES
(263, 1, 156, 2, 120, 1, 'XS'),
(264, 1, 157, 1, 40, 1, 'XS'),
(265, 1, 161, 1, 40, 1, 'XS'),
(266, 1, 11, 1, 150, 1, 'XS'),
(267, 2, 84, 1, 130, 1, 'XS'),
(268, 3, 97, 1, 40, 1, 'XS'),
(269, 3, 98, 1, 90, 1, 'XS'),
(270, 3, 96, 1, 90, 1, 'XS'),
(271, 4, 97, 1, 40, 1, 'XS'),
(272, 4, 98, 1, 90, 1, 'XS'),
(273, 4, 96, 1, 90, 1, 'XS'),
(274, 5, 97, 1, 40, 1, 'XS'),
(275, 5, 98, 1, 90, 1, 'XS'),
(276, 5, 96, 1, 90, 1, 'XS'),
(277, 6, 98, 1, 90, 1, 'XS'),
(278, 6, 96, 1, 90, 1, 'XS'),
(279, 7, 98, 1, 90, 1, 'XS'),
(280, 7, 96, 1, 90, 1, 'XS'),
(281, 8, 98, 2, 180, 1, 'XS'),
(282, 8, 96, 1, 90, 1, 'XS'),
(283, 9, 98, 2, 180, 1, 'XS'),
(284, 9, 96, 1, 90, 1, 'XS'),
(285, 10, 102, 1, 140, 1, 'XS'),
(286, 10, 101, 1, 50, 1, 'XS'),
(287, 11, 156, 1, 60, 2, 'L'),
(288, 11, 107, 1, 100, 2, 'XL'),
(289, 11, 137, 1, 40, 2, 'M'),
(290, 11, 107, 1, 100, 2, 'XL'),
(291, 12, 97, 2, 80, 2, 'S'),
(292, 12, 98, 1, 90, 2, 'XS'),
(293, 12, 96, 1, 90, 2, 'XS'),
(294, 12, 10, 2, 200, 2, 'L'),
(295, 12, 10, 1, 100, 2, 'XL'),
(296, 12, 11, 1, 150, 2, 'M'),
(297, 12, 185, 1, 60, 2, 'M'),
(298, 13, 97, 3, 120, 2, 'S'),
(299, 13, 98, 1, 90, 2, 'XS'),
(300, 13, 96, 1, 90, 2, 'XS'),
(301, 13, 10, 2, 200, 2, 'L'),
(302, 13, 10, 1, 100, 2, 'XL'),
(303, 13, 11, 1, 150, 2, 'M'),
(304, 13, 185, 1, 60, 2, 'M'),
(305, 14, 97, 3, 120, 2, 'S'),
(306, 14, 98, 1, 90, 2, 'XS'),
(307, 14, 96, 1, 90, 2, 'XS'),
(308, 14, 10, 2, 200, 2, 'L'),
(309, 14, 10, 1, 100, 2, 'XL'),
(310, 14, 11, 1, 150, 2, 'M'),
(311, 14, 185, 1, 60, 2, 'M'),
(312, 14, 166, 1, 40, 2, 'XS'),
(313, 15, 97, 5, 200, 2, 'S'),
(314, 15, 98, 1, 90, 2, 'XS'),
(315, 15, 96, 1, 90, 2, 'XS'),
(316, 15, 10, 2, 200, 2, 'L'),
(317, 15, 10, 1, 100, 2, 'XL'),
(318, 15, 11, 1, 150, 2, 'M'),
(319, 15, 185, 1, 60, 2, 'M'),
(320, 15, 166, 1, 40, 2, 'XS'),
(321, 16, 166, 1, 40, 2, 'XS'),
(322, 16, 117, 1, 220, 2, 'XS'),
(323, 17, 166, 2, 80, 2, 'XS'),
(324, 17, 117, 1, 220, 2, 'XS'),
(325, 18, 166, 2, 80, 2, 'XS'),
(326, 18, 117, 2, 440, 2, 'XS'),
(327, 19, 166, 2, 80, 2, 'XS'),
(328, 19, 117, 2, 440, 2, 'XS'),
(329, 20, 155, 2, 100, 2, 'XS'),
(330, 20, 156, 1, 60, 2, 'XS'),
(331, 20, 157, 1, 40, 2, 'XS'),
(332, 21, 166, 2, 80, 2, 'XS'),
(333, 21, 171, 1, 50, 2, 'XS'),
(334, 22, 12, 3, 240, 2, 'XS'),
(335, 22, 10, 2, 200, 2, 'XS'),
(336, 22, 31, 1, 50, 2, 'XS'),
(337, 22, 11, 7, 1050, 2, 'S'),
(338, 23, 10, 6, 600, 2, 'XS'),
(339, 24, 10, 3, 300, 2, 'XS'),
(340, 25, 97, 3, 120, 2, 'XS'),
(341, 25, 10, 1, 100, 2, 'S'),
(342, 25, 10, 1, 100, 2, 'XS'),
(343, 26, 10, 1, 100, 2, 'S'),
(344, 27, 102, 1, 140, 1, 'XS'),
(345, 27, 101, 1, 50, 1, 'XS'),
(346, 27, 137, 1, 40, 1, 'XS'),
(347, 28, 102, 1, 140, 1, 'XS'),
(348, 28, 101, 1, 50, 1, 'XS'),
(349, 28, 137, 1, 40, 1, 'XS'),
(350, 28, 166, 1, 40, 1, 'XS'),
(351, 28, 168, 1, 60, 1, 'XS'),
(352, 28, 173, 1, 60, 1, 'XS'),
(353, 29, 33, 1, 90, 1, 'XS'),
(354, 29, 39, 1, 80, 1, 'XS'),
(355, 29, 127, 1, 90, 1, 'XS'),
(356, 30, 11, 1, 150, 1, 'S'),
(357, 31, 20, 1, 80, 1, 'XS'),
(358, 31, 42, 1, 100, 1, 'XS'),
(359, 32, 54, 1, 200, 1, 'XS'),
(360, 32, 58, 1, 200, 1, 'XS'),
(361, 33, 45, 1, 100, 1, 'XS'),
(362, 33, 48, 1, 200, 1, 'XS'),
(363, 33, 47, 1, 160, 1, 'XS'),
(364, 34, 43, 1, 130, 1, 'XS'),
(365, 35, 160, 1, 60, 2, 'XS'),
(366, 35, 156, 1, 60, 2, 'M'),
(367, 35, 96, 1, 90, 2, 'S'),
(368, 35, 185, 1, 60, 2, 'XS'),
(369, 35, 118, 1, 160, 2, 'M'),
(370, 35, 122, 1, 230, 2, 'XS'),
(371, 35, 125, 1, 230, 2, 'XS'),
(372, 36, 117, 1, 220, 2, 'XS'),
(373, 36, 118, 1, 160, 2, 'XS'),
(374, 36, 119, 1, 130, 2, 'XS'),
(375, 36, 122, 1, 230, 2, 'XS'),
(376, 36, 121, 1, 230, 2, 'XS'),
(377, 36, 120, 1, 130, 2, 'XS'),
(378, 37, 165, 1, 25, 2, 'XS'),
(379, 37, 166, 1, 40, 2, 'XS'),
(380, 37, 167, 1, 60, 2, 'XS'),
(381, 37, 168, 1, 60, 2, 'XS'),
(382, 37, 169, 1, 60, 2, 'XS'),
(383, 37, 170, 1, 50, 2, 'XS'),
(384, 38, 20, 1, 80, 2, 'XS'),
(385, 38, 21, 3, 207, 2, 'XS'),
(386, 39, 206, 2, 100, 2, 'XS'),
(387, 39, 210, 1, 60, 2, 'XS'),
(388, 40, 194, 1, 140, 2, 'S'),
(389, 40, 116, 1, 130, 2, 'XS'),
(390, 41, 106, 2, 200, 2, 'XS'),
(391, 41, 107, 1, 100, 2, 'XS'),
(392, 42, 53, 1, 230, 1, 'XS'),
(393, 42, 58, 1, 200, 1, 'XS'),
(394, 42, 56, 2, 300, 1, 'XS'),
(395, 43, 32, 1, 70, 1, 'XS'),
(396, 43, 37, 2, 180, 1, 'XS'),
(397, 43, 41, 1, 60, 1, 'XS'),
(398, 44, 129, 4, 400, 1, 'XS'),
(399, 45, 97, 3, 120, 2, 'XS'),
(400, 45, 107, 1, 100, 2, 'XS'),
(401, 45, 25, 1, 100, 2, 'XS'),
(402, 45, 20, 1, 80, 2, 'XS'),
(403, 45, 11, 3, 450, 2, 'S'),
(404, 45, 10, 1, 100, 2, 'S'),
(405, 45, 16, 1, 199, 2, 'XS'),
(406, 46, 97, 3, 120, 2, 'XS'),
(407, 46, 107, 1, 100, 2, 'XS'),
(408, 46, 25, 1, 100, 2, 'XS'),
(409, 46, 20, 1, 80, 2, 'XS'),
(410, 46, 11, 3, 450, 2, 'S'),
(411, 46, 10, 1, 100, 2, 'S'),
(412, 46, 16, 1, 199, 2, 'XS'),
(413, 47, 13, 1, 200, 2, 'XS'),
(414, 47, 10, 3, 300, 2, 'S'),
(415, 47, 26, 1, 80, 2, 'XS'),
(416, 47, 25, 1, 100, 2, 'XS'),
(417, 47, 11, 1, 150, 2, 'S'),
(418, 47, 156, 1, 60, 2, 'XS'),
(419, 47, 110, 1, 120, 2, 'XS'),
(420, 47, 160, 1, 60, 2, 'M'),
(421, 48, 141, 1, 100, 2, 'XS'),
(422, 49, 141, 2, 200, 2, 'XS'),
(423, 49, 165, 1, 25, 2, 'XS'),
(424, 50, 111, 1, 60, 1, 'M'),
(425, 50, 20, 1, 80, 1, 'XS'),
(426, 50, 185, 1, 60, 1, 'XS'),
(427, 51, 155, 1, 50, 1, 'XS'),
(428, 52, 155, 1, 50, 1, 'XS'),
(429, 53, 155, 1, 50, 1, 'XS'),
(431, 54, 184, 1, 60, 1, 'XS'),
(432, 55, 165, 2, 50, 1, 'XS'),
(433, 56, 10, 1, 100, 1, 'S'),
(437, 57, 156, 1, 60, 1, 'XS'),
(438, 57, 96, 1, 90, 1, 'XS'),
(439, 58, 156, 1, 60, 1, 'XS'),
(440, 58, 96, 1, 90, 1, 'XS');

-- --------------------------------------------------------

--
-- Table structure for table `produse_filter_order`
--

CREATE TABLE `produse_filter_order` (
  `id` int(10) NOT NULL,
  `id_produs` int(10) NOT NULL,
  `nume` varchar(100) NOT NULL,
  `pret` int(10) NOT NULL,
  `material` varchar(100) NOT NULL,
  `imagine` varchar(100) NOT NULL,
  `descriere` varchar(1000) NOT NULL,
  `gen` varchar(100) NOT NULL,
  `tip` varchar(100) NOT NULL,
  `categorie` varchar(30) NOT NULL,
  `culoare` varchar(30) NOT NULL,
  `nr_accesari` int(100) NOT NULL
) ENGINE=InnoDB DEFAULT CHARSET=utf8;

-- --------------------------------------------------------

--
-- Table structure for table `utilizatori`
--

CREATE TABLE `utilizatori` (
  `id_utilizator` int(10) NOT NULL,
  `nume` varchar(100) NOT NULL,
  `prenume` varchar(100) NOT NULL,
  `email` varchar(100) NOT NULL,
  `telefon` varchar(100) NOT NULL,
  `adresa` varchar(100) NOT NULL,
  `parola` varchar(100) NOT NULL,
  `tip_utilizator` varchar(50) NOT NULL
) ENGINE=InnoDB DEFAULT CHARSET=utf8;

--
-- Dumping data for table `utilizatori`
--

INSERT INTO `utilizatori` (`id_utilizator`, `nume`, `prenume`, `email`, `telefon`, `adresa`, `parola`, `tip_utilizator`) VALUES
(1, 'Balas', 'Ioana', 'laurastan1999@gmail.com', '0762596178', 'Str Stefan cel Mare nr.200', 'ac177e81e624038001864f492ae4cb5dd3180885164b083af25708abef4d261a', 'user'),
(2, 'Botez', 'Georgiana', 'botez.georgiana99@gmail.com', '0765656565', 'Strada Crivatului Nr 24', 'a8f35b822daffb1b5cd68dee09ef5553458ecb083a27265a9a5fabd4623e9b91', 'admin'),
(6, 'Sipoteanu', 'Tiberiu', 'sipoteanutiberiu@gmail.com', '0766123456', 'Str Popricani', 'ac177e81e624038001864f492ae4cb5dd3180885164b083af25708abef4d261a', 'admin'),
(7, 'Simion', 'Andra', 'andra.simion@gmail.com', '0765656565', 'Strada Stefan cel Mare Nr 200', '06e6ce288f709059232f249dcb1794fcc4d06c68029875a17f8aadfc49b956d8', 'user');

-- --------------------------------------------------------

--
-- Table structure for table `wishlist`
--

CREATE TABLE `wishlist` (
  `id` int(10) NOT NULL,
  `id_utilizator` int(10) NOT NULL,
  `id_produs` int(10) NOT NULL,
  `marime` varchar(10) NOT NULL
) ENGINE=InnoDB DEFAULT CHARSET=utf8;

--
-- Dumping data for table `wishlist`
--

INSERT INTO `wishlist` (`id`, `id_utilizator`, `id_produs`, `marime`) VALUES
(19, 3, 98, 'M'),
(20, 3, 97, 'L'),
(40, 2, 10, 'S'),
(41, 2, 10, 'XS'),
(43, 2, 97, 'XS'),
(44, 2, 160, 'S'),
(46, 1, 155, 'XS');

--
-- Indexes for dumped tables
--

--
-- Indexes for table `comanda`
--
ALTER TABLE `comanda`
  ADD PRIMARY KEY (`id`);

--
-- Indexes for table `cos`
--
ALTER TABLE `cos`
  ADD PRIMARY KEY (`id`);

--
-- Indexes for table `marimi`
--
ALTER TABLE `marimi`
  ADD PRIMARY KEY (`id`);

--
-- Indexes for table `produse`
--
ALTER TABLE `produse`
  ADD PRIMARY KEY (`id_produs`);

--
-- Indexes for table `produse_comanda`
--
ALTER TABLE `produse_comanda`
  ADD PRIMARY KEY (`id`);

--
-- Indexes for table `produse_filter_order`
--
ALTER TABLE `produse_filter_order`
  ADD PRIMARY KEY (`id`);

--
-- Indexes for table `utilizatori`
--
ALTER TABLE `utilizatori`
  ADD PRIMARY KEY (`id_utilizator`);

--
-- Indexes for table `wishlist`
--
ALTER TABLE `wishlist`
  ADD PRIMARY KEY (`id`);

--
-- AUTO_INCREMENT for dumped tables
--

--
-- AUTO_INCREMENT for table `comanda`
--
ALTER TABLE `comanda`
  MODIFY `id` int(10) NOT NULL AUTO_INCREMENT, AUTO_INCREMENT=49;

--
-- AUTO_INCREMENT for table `cos`
--
ALTER TABLE `cos`
  MODIFY `id` int(10) NOT NULL AUTO_INCREMENT, AUTO_INCREMENT=43;

--
-- AUTO_INCREMENT for table `marimi`
--
ALTER TABLE `marimi`
  MODIFY `id` int(10) NOT NULL AUTO_INCREMENT, AUTO_INCREMENT=1189;

--
-- AUTO_INCREMENT for table `produse`
--
ALTER TABLE `produse`
  MODIFY `id_produs` int(10) NOT NULL AUTO_INCREMENT, AUTO_INCREMENT=216;

--
-- AUTO_INCREMENT for table `produse_comanda`
--
ALTER TABLE `produse_comanda`
  MODIFY `id` int(10) NOT NULL AUTO_INCREMENT, AUTO_INCREMENT=441;

--
-- AUTO_INCREMENT for table `produse_filter_order`
--
ALTER TABLE `produse_filter_order`
  MODIFY `id` int(10) NOT NULL AUTO_INCREMENT;

--
-- AUTO_INCREMENT for table `utilizatori`
--
ALTER TABLE `utilizatori`
  MODIFY `id_utilizator` int(10) NOT NULL AUTO_INCREMENT, AUTO_INCREMENT=8;

--
-- AUTO_INCREMENT for table `wishlist`
--
ALTER TABLE `wishlist`
  MODIFY `id` int(10) NOT NULL AUTO_INCREMENT, AUTO_INCREMENT=47;
COMMIT;

/*!40101 SET CHARACTER_SET_CLIENT=@OLD_CHARACTER_SET_CLIENT */;
/*!40101 SET CHARACTER_SET_RESULTS=@OLD_CHARACTER_SET_RESULTS */;
/*!40101 SET COLLATION_CONNECTION=@OLD_COLLATION_CONNECTION */;
